source_model,target_model,pair_label,suite,n,baseline_asr_mean,candidate_asr_mean,asr_retention_mean,runtime_speedup_mean,estimator_speedup_mean,clean_drop_delta_mean,runtime_faster_significant,efficiency_win,study_id,source_profile,baseline_asr_std,candidate_asr_std,delta_asr_mean,delta_asr_std,delta_asr_ci_low,delta_asr_ci_high,asr_retention_std,baseline_duration_sec_mean,baseline_duration_sec_std,candidate_duration_sec_mean,candidate_duration_sec_std,runtime_speedup_std,baseline_estimator_time_mean,baseline_estimator_time_std,candidate_estimator_time_mean,candidate_estimator_time_std,estimator_speedup_std,baseline_clean_drop_mean,candidate_clean_drop_mean,baseline_lpips_mean,candidate_lpips_mean,baseline_ssim_mean,candidate_ssim_mean,runtime_delta_mean,runtime_t_stat,runtime_p_value,runtime_p_value_holm
densenet121,mobilenet_v2,DenseNet121->MobileNetV2,dynamic_uniform,3,0.2386363636363636,0.2159090909090909,0.9186602870813396,4.131100572899083,4.689798766760561,0.0,True,True,matrix_densenet121,densenet121_only,0.0196823955405554,0.0454545454545454,-0.0227272727272727,0.0632700495776138,-0.1798987889073364,0.1344442434527909,0.2686145879234974,313.3783597999912,26.33668184243241,76.12433546667064,3.1245096558009524,0.5278543992205552,3.135442520833952,0.2625912066851643,0.6709644364572241,0.0280560711189046,0.6016712360639177,0.0182291666666666,0.0182291666666666,0.0895002705510705,0.0900199996928374,0.8858598532776037,0.8858425877988338,237.25402433332056,13.95015130585523,0.0025496487573189,0.0086505279112372
densenet121,mobilenet_v2,DenseNet121->MobileNetV2,static_q70,3,0.2916666666666667,0.2727272727272727,0.9353846153846154,4.430214094387886,5.043804260019794,0.0,True,True,matrix_densenet121,densenet121_only,0.0065607985135184,0.0227272727272727,-0.0189393939393939,0.0236552954484787,-0.077702405445556,0.0398236175667681,0.0798222878219867,229.14652073334824,1.3623733952780168,51.72429116665929,0.1557944746033738,0.0364423136709277,2.294509579513639,0.0134854797489182,0.454915733679526,0.0007661519248308,0.0261394390171704,0.109375,0.109375,0.0894266349884371,0.0897095604644467,0.8855963399012884,0.8857695882519087,177.42222956668897,209.242569659399,1.1419708963889572e-05,0.000102777380675
densenet121,mobilenet_v2,DenseNet121->MobileNetV2,static_q80,3,0.1628787878787878,0.2045454545454545,1.2934173669467788,4.418920328632588,5.048354612708908,0.0,True,True,matrix_densenet121,densenet121_only,0.0285978577093589,0.0340909090909091,0.0416666666666666,0.0524863881081478,-0.0887167493863473,0.1720500827196807,0.3954623842736763,229.42826556668535,0.4742941085149047,51.92403880002288,0.6039427397728399,0.0502856596827965,2.298347882985682,0.0049520463750486,0.4553112611122035,0.0056901771896682,0.060123539244748,0.0,0.0,0.0893234953594704,0.0899790450930595,0.8855844053129355,0.8856692686676979,177.50422676666253,438.94865617411335,2.5950108364995056e-06,2.595010836499505e-05
densenet121,mobilenet_v2,DenseNet121->MobileNetV2,static_q90,3,0.1893939393939394,0.196969696969697,1.0381263616557732,4.511785692947805,5.140180897492951,0.0,True,True,matrix_densenet121,densenet121_only,0.0173582412687721,0.0236552954484787,0.0075757575757575,0.0065607985135184,-0.0087221694308691,0.0238736845823843,0.0330588037156721,232.46877320000203,3.753122075676176,51.52810076666841,0.2653442312243442,0.0934845950650149,2.327468865974677,0.0371455970612232,0.4528093486088538,0.0016916543910904,0.0905241119289794,0.0,0.0,0.0902679121742646,0.0910257259383797,0.8855749343832334,0.8855509273707867,180.9406724333336,78.77108350095,8.05622139718536e-05,0.0005639354978029
densenet121,resnet18,DenseNet121->ResNet18,dynamic_uniform,3,0.1715210355987055,0.174757281553398,1.0185185185185184,3.674776755189084,4.231193422189135,0.0,True,True,matrix_densenet121,densenet121_only,0.0244331211497435,0.0256869059326659,0.0032362459546925,0.0056053424193167,-0.010688196536406,0.0171606884457911,0.0320750149549792,233.75358533333443,0.5941436642296882,66.52105303335702,18.18709045173863,0.8862342241144926,2.312552282294241,0.0062776691753585,0.5733007135416605,0.1622718565272147,1.0512975274109868,0.0208333333333333,0.0208333333333333,0.0895002705510705,0.0900199996928374,0.8858598532776037,0.8858425877988338,167.2325322999774,16.38727226797423,0.0018515654428993,0.0086505279112372
densenet121,resnet18,DenseNet121->ResNet18,static_q70,3,0.174757281553398,0.1650485436893204,0.9470588235294116,2.8053492690909927,3.17371757000322,0.0,True,False,matrix_densenet121,densenet121_only,0.0168160272579502,0.0097087378640776,-0.0097087378640776,0.0097087378640776,-0.0338265797257313,0.014409103997576,0.0502588455606913,280.66355736668146,1.1507328310405078,102.47984536669294,19.94415230900978,0.5149881380318115,2.798025366319255,0.0118700661702179,0.9050957999984854,0.1839361814219959,0.6096243435246206,0.0390625,0.0390625,0.0894266349884371,0.0897095604644467,0.8855963399012884,0.8857695882519087,178.1837119999885,14.630890663609808,0.002319520443615,0.0086505279112372
densenet121,resnet18,DenseNet121->ResNet18,static_q80,3,0.174757281553398,0.145631067961165,0.8273225957049486,3.964563820672943,4.572585476633074,0.0,True,True,matrix_densenet121,densenet121_only,0.0256869059326659,0.0336320545159005,-0.029126213592233,0.0097087378640776,-0.0532440554538867,-0.0050083717305792,0.0711948338071611,232.3359040666643,0.5957705438041324,60.03368179998749,12.03496333090616,0.706938993721025,2.299816968748726,0.0067023758372721,0.5165709833337233,0.1092944991015941,0.8543742094065145,0.03125,0.03125,0.0893234953594704,0.0899790450930595,0.8855844053129355,0.8856692686676979,172.30222226667684,25.555316295703896,0.0007638557994736,0.0045831347968419
densenet121,resnet18,DenseNet121->ResNet18,static_q90,3,0.1974110032362459,0.1585760517799352,0.8066378066378066,4.384334850188881,5.069271132935675,0.0,True,True,matrix_densenet121,densenet121_only,0.0202103495093799,0.022421369677267,-0.0388349514563106,0.0256869059326659,-0.1026447631818293,0.024974860269208,0.1138440347983396,232.7260689000056,1.805494593115858,53.08181766668955,0.1879608844213693,0.0388077382320263,2.3028281934037094,0.017591958946449,0.4542725704856518,0.0009551241414679,0.0383659036158078,0.0,0.0,0.0902679121742646,0.0910257259383797,0.8855749343832334,0.8855509273707867,179.64425123331603,169.54615945086036,1.7392877162513372e-05,0.0001391430173001
densenet121,vgg16,DenseNet121->VGG16,dynamic_uniform,3,0.1428571428571428,0.1458333333333333,1.0238095238095235,2.912391771382943,3.858921934750255,0.0,True,False,matrix_densenet121,densenet121_only,0.0154647393532935,0.010309826235529,0.0029761904761904,0.0051549131177645,-0.0098293236004448,0.0157817045528257,0.0412393049421161,261.19202023333247,1.2615418784719996,92.33620276666868,18.192078540314856,0.6382532791564076,2.289454061458956,0.0130953000912078,0.620199961110403,0.148125584402479,1.0537877861670466,0.0182291666666666,0.0182291666666666,0.0895002705510705,0.0900199996928374,0.8858598532776037,0.8858425877988338,168.8558174666638,16.44339199223735,0.0018390181005199,0.0086505279112372
densenet121,vgg16,DenseNet121->VGG16,static_q70,3,0.1785714285714285,0.1517857142857142,0.8595643698618526,2.4118836226223213,3.0450417882495144,0.0,True,False,matrix_densenet121,densenet121_only,0.0236227795630766,0.032192422102357,-0.0267857142857142,0.0409158544192485,-0.128426331257056,0.0748549026856274,0.2167073476676734,261.1580809666775,0.45835440814068,108.2797612666812,0.1612516256731481,0.0034410983029458,2.291053984721253,0.0032952932539797,0.7523901555553797,0.0020175214604641,0.0043620417935187,0.015625,0.015625,0.0894266349884371,0.0897095604644467,0.8855963399012884,0.8857695882519087,152.8783196999963,698.1178545187738,1.025914521199913e-06,1.2310974254398956e-05
densenet121,vgg16,DenseNet121->VGG16,static_q80,3,0.1577380952380952,0.1488095238095238,0.943355119825708,3.014026501721509,4.024684666426048,0.0,True,True,matrix_densenet121,densenet121_only,0.0051549131177645,0.010309826235529,-0.0089285714285714,0.0089285714285714,-0.0311083724263422,0.0132512295691993,0.0555875852817999,260.48073743332253,0.9174290435467832,88.75841079997674,17.83774582293229,0.597104398766054,2.287177945486595,0.0091493682287819,0.5922737888894416,0.1483056003163309,0.9884456205415368,0.0078125,0.0078125,0.0893234953594704,0.0899790450930595,0.8855844053129355,0.8856692686676979,171.7223266333458,16.955841762724262,0.0017301055822474,0.0086505279112372
densenet121,vgg16,DenseNet121->VGG16,static_q90,3,0.1607142857142857,0.1696428571428571,1.0625,2.4397894232211472,3.087948487739418,0.0,True,False,matrix_densenet121,densenet121_only,0.0154647393532935,0.0178571428571428,0.0089285714285714,0.0236227795630767,-0.0497536661404324,0.0676108089975752,0.1509936502306383,261.08159313331515,0.2335531315960181,107.0115598666792,0.5430036517417925,0.0114290319603092,2.28789215520798,0.0022284704464578,0.7409371315956782,0.005677525322572,0.0222305551411076,0.0234375,0.0234375,0.0902679121742646,0.0910257259383797,0.8855749343832334,0.8855509273707867,154.07003326663593,566.9978377957246,1.5552677712612049e-06,1.7107945483873252e-05
mobilenet_v2,densenet121,MobileNetV2->DenseNet121,dynamic_uniform,3,0.1257861635220125,0.1194968553459119,0.95,1.9724514765428207,2.981452634366568,0.0,True,False,matrix_mobilenet_v2,mobilenet_v2_only,0.0144106153929428,0.0144106153929428,-0.0062893081761006,0.0054467006527323,-0.0198196626721681,0.0072410463199668,0.0440958551844098,89.30634816666134,0.0753732864895415,45.277080966664165,0.1132683117470898,0.0065860543110038,0.7280630690974147,0.0020485807794465,0.2442018746528952,0.0010293473868835,0.0199489546664025,0.03125,0.03125,0.0916043533943593,0.0941392523236572,0.8851560254891714,0.8837472436328729,44.02926719999717,405.2264516878242,3.0448819778806847e-06,3.653858373456822e-05
mobilenet_v2,densenet121,MobileNetV2->DenseNet121,static_q70,3,0.1415094339622641,0.1069182389937107,0.763888888888889,1.984262171548544,2.9976486755215856,0.0,True,False,matrix_mobilenet_v2,mobilenet_v2_only,0.0094339622641509,0.0217868026109292,-0.0345911949685534,0.030325945789286,-0.1099250205482149,0.040742630611108,0.2055367859298436,89.370109566662,0.7153433135206597,45.0401721666567,0.2408145045807755,0.0179784315137191,0.7279893767380498,0.0068199827479316,0.2428586579864915,0.0012735570107256,0.0333461752597488,0.046875,0.046875,0.0912528329839309,0.0947670612173775,0.8851328603923321,0.8835483665267626,44.32993740000529,105.66105342731169,4.47797625147881e-05,0.0002686785750887
mobilenet_v2,densenet121,MobileNetV2->DenseNet121,static_q80,3,0.1226415094339622,0.110062893081761,0.8968253968253969,1.9963050565134144,3.01717846565116,0.0,True,False,matrix_mobilenet_v2,mobilenet_v2_only,0.0094339622641509,0.0144106153929428,-0.0125786163522012,0.0108934013054646,-0.0396393253443362,0.0144820926399337,0.09014140231429,89.93940833333181,0.2503054949570179,45.05370726669207,0.2387570597986677,0.0111089662565478,0.7339234690969331,0.0022988579845145,0.2432518638892765,0.0010216942430941,0.0182025409680717,0.03125,0.03125,0.0915860591921955,0.0948515625980993,0.8850027931233247,0.8834137755135695,44.88570106663974,246.1652050986979,8.250987352313067e-06,8.707068560666704e-05
mobilenet_v2,densenet121,MobileNetV2->DenseNet121,static_q90,3,0.1352201257861635,0.110062893081761,0.8188034188034189,1.992659248640855,3.0076315699709384,0.0,True,False,matrix_mobilenet_v2,mobilenet_v2_only,0.0108934013054646,0.0054467006527323,-0.0251572327044025,0.0144106153929428,-0.0609551858515417,0.0106407204427367,0.0962592015405202,89.43299113332371,0.3351376528916309,44.88155623335236,0.1466378753236732,0.0100400256936427,0.7294019298626355,0.0017565824222139,0.2425200715262892,0.0010763211839675,0.0145896140040313,0.0234375,0.0234375,0.0923328281690677,0.0921586894740661,0.8848645240068436,0.8840286632378896,44.55143489997136,208.977390236284,1.1448708169040728e-05,0.0001030383735213
mobilenet_v2,resnet18,MobileNetV2->ResNet18,dynamic_uniform,3,0.1100323624595469,0.1132686084142394,1.0555555555555556,2.8985521705396784,3.979917966478622,0.0,True,False,matrix_mobilenet_v2,mobilenet_v2_only,0.0312092257637312,0.0244331211497435,0.0032362459546925,0.022421369677267,-0.0524615240097017,0.0589340159190868,0.2411392712690077,107.72743963333778,31.02268590683161,37.18852079999245,0.1317428751272093,0.8448584816077958,0.9734350246520383,0.2871237432046718,0.2447359465277259,0.0007503702923911,1.1874843382219529,0.0208333333333333,0.0208333333333333,0.0916043533943593,0.0941392523236572,0.8851560254891714,0.8837472436328729,70.53891883334533,3.923651186756586,0.0296212463144231,0.0296212463144231
mobilenet_v2,resnet18,MobileNetV2->ResNet18,static_q70,3,0.1423948220064725,0.1132686084142394,0.796825396825397,2.67801736993542,3.745304032499412,0.0,True,False,matrix_mobilenet_v2,mobilenet_v2_only,0.0056053424193167,0.0244331211497435,-0.029126213592233,0.0256869059326659,-0.0929360253177517,0.0346835981332857,0.1746608851235418,99.1243966666516,10.1373255387553,37.01457569998456,0.0493867257185028,0.2743500935858221,0.911496952428125,0.0931688812971802,0.2433875788224719,0.0002825155001693,0.3863675956430613,0.0390625,0.0390625,0.0912528329839309,0.0947670612173775,0.8851328603923321,0.8835483665267626,62.10982096666703,10.605262186263404,0.0043871431757173,0.0131614295271521
mobilenet_v2,resnet18,MobileNetV2->ResNet18,static_q80,3,0.1067961165048543,0.1003236245954692,0.9333333333333332,1.5118209331497416,2.08310280823664,0.0,True,False,matrix_mobilenet_v2,mobilenet_v2_only,0.0168160272579502,0.022421369677267,-0.0064724919093851,0.0056053424193167,-0.0203969344004836,0.0074519505817134,0.0577350269189625,56.14524856667655,1.55531104198755,37.137157033314,0.0252921451806096,0.0411190578298992,0.5097072406246702,0.0148112313369441,0.2446834666645575,0.0001931900465987,0.0591618024035204,0.03125,0.03125,0.0915860591921955,0.0948515625980993,0.8850027931233247,0.8834137755135695,19.00809153336256,21.43064937041529,0.0010851349357269,0.0043405397429077
mobilenet_v2,resnet18,MobileNetV2->ResNet18,static_q90,3,0.1035598705501618,0.1035598705501618,1.0,3.40365474750392,4.697658008483796,0.0,True,True,matrix_mobilenet_v2,mobilenet_v2_only,0.0148303420548732,0.0148303420548732,0.0,0.0,0.0,0.0,0.0,126.26836526665528,26.42453385347869,37.11006766666348,0.086911164329138,0.7191115325535317,1.147870933333858,0.2359143522675161,0.2444882750017617,0.0010392711197875,0.9821183758583528,0.0,0.0,0.0923328281690677,0.0921586894740661,0.8848645240068436,0.8840286632378896,89.15829759999178,5.824988862722002,0.0141149887725147,0.0282299775450295
mobilenet_v2,vgg16,MobileNetV2->VGG16,dynamic_uniform,3,0.1279761904761904,0.1071428571428571,0.8341880341880342,1.6770542435540932,3.006126824693176,0.0,True,False,matrix_mobilenet_v2,mobilenet_v2_only,0.010309826235529,0.0236227795630767,-0.0208333333333333,0.0185863035666619,-0.0670042709453178,0.0253376042786511,0.1447147624840811,111.75634616667716,0.2769883228399376,66.63915469999968,0.2964112553306134,0.006863808657189,0.7335649996506012,0.0022629871952882,0.2440326201382655,0.00166209844988,0.0265202760824073,0.0182291666666666,0.0182291666666666,0.0916043533943593,0.0941392523236572,0.8851560254891714,0.8837472436328729,45.11719146667747,251.3276127681064,7.915516873333367e-06,8.707068560666704e-05
mobilenet_v2,vgg16,MobileNetV2->VGG16,static_q70,3,0.1041666666666666,0.1011904761904761,0.9722222222222224,1.7486516482493382,3.174574240490464,0.0,True,False,matrix_mobilenet_v2,mobilenet_v2_only,0.0051549131177645,0.0224697453430677,-0.0029761904761904,0.0224697453430677,-0.0587941322563313,0.0528417513039503,0.2097176232019652,116.07922056666575,0.5514994124486373,66.38232876668917,0.0537048090315989,0.0097254740979067,0.7684833760417353,0.0060656235526871,0.242084186458467,0.0011568682987653,0.0401936699543086,0.015625,0.015625,0.0912528329839309,0.0947670612173775,0.8851328603923321,0.8835483665267626,49.69689179997658,142.23616931029235,2.4712558534832262e-05,0.0001729879097438
mobilenet_v2,vgg16,MobileNetV2->VGG16,static_q80,3,0.1428571428571428,0.1071428571428571,0.7559640522875818,1.6936681919307883,3.038552503387564,0.0,True,False,matrix_mobilenet_v2,mobilenet_v2_only,0.0089285714285714,0.0154647393532935,-0.0357142857142857,0.0236227795630767,-0.0943965232832895,0.0229679518547181,0.1549314964188897,113.20176886668196,1.624986208243297,66.84085059998324,0.3884032145571193,0.028924863107167,0.7449842677079789,0.0129554601099264,0.2452070218759117,0.0026506647372857,0.0714568445531914,0.0078125,0.0078125,0.0915860591921955,0.0948515625980993,0.8850027931233247,0.8834137755135695,46.36091826669872,45.06560849421285,0.0002460134811965,0.0012300674059828
mobilenet_v2,vgg16,MobileNetV2->VGG16,static_q90,3,0.1309523809523809,0.1428571428571428,1.1025641025641024,1.6843568587375757,3.0137727410277986,0.0,True,False,matrix_mobilenet_v2,mobilenet_v2_only,0.0136386181397495,0.0089285714285714,0.0119047619047618,0.020619652471058,-0.0393172944017793,0.0631268182113031,0.1776462366737309,112.38402373330123,0.4535276282206647,66.72235556666662,0.0448959711500953,0.0079094767666787,0.7394424861090051,0.0035042829917807,0.245354590973875,0.0003029402057322,0.014440599921218,0.0234375,0.0234375,0.0923328281690677,0.0921586894740661,0.8848645240068436,0.8840286632378896,45.66166816663463,158.91911415875254,1.979666070976129e-05,0.000158373285678
resnet18,densenet121,ResNet18->DenseNet121,dynamic_uniform,3,0.1949685534591195,0.1823899371069182,0.9357142857142856,3.428413336501432,5.114126867275483,0.0,True,True,matrix_resnet18,resnet18_only,0.0054467006527323,0.0144106153929429,-0.0125786163522012,0.0144106153929429,-0.0483765694993405,0.0232193367949379,0.0724920826078015,105.78128736666017,1.7821595656292657,30.8545528666679,0.0835419176705782,0.0595212227226656,0.8621059229176858,0.0090079106814087,0.1685763135412546,0.0007552859201185,0.0606609147737865,0.03125,0.03125,0.089743329755341,0.0910424947117765,0.8866758110622565,0.8864001308878263,74.92673449999226,72.36114532236324,9.546292762273525e-05,0.0007637034209818
resnet18,densenet121,ResNet18->DenseNet121,static_q70,3,0.210691823899371,0.1666666666666666,0.8099358974358974,1.9607210649915503,3.023341338151285,0.0,True,False,matrix_resnet18,resnet18_only,0.0519582127102462,0.0237416177209772,-0.0440251572327044,0.033130986644191,-0.1263270905830358,0.038276776117627,0.1228977562092259,89.93744300000253,1.149223014959851,45.868950400006725,0.497132236226137,0.0043169447799508,0.7299870805558788,0.0059165611818724,0.2414525364586855,0.001660010061524,0.0202390459194208,0.046875,0.046875,0.0905874592717737,0.0912238780874759,0.8862670660018921,0.8864854189256827,44.06849259999581,116.449135996278,3.686798705930023e-05,0.0004055478576523
resnet18,densenet121,ResNet18->DenseNet121,static_q80,3,0.1949685534591194,0.1635220125786163,0.8391433128275233,2.568556981420594,3.882170875552781,0.0,True,False,matrix_resnet18,resnet18_only,0.0144106153929429,0.0108934013054646,-0.0314465408805031,0.0054467006527323,-0.0449768953765706,-0.0179161863844356,0.0196486768396905,91.04279339999388,0.4660478036224201,36.43539766666557,7.759292342794707,0.4924991145350733,0.7435990159725003,0.002458420288005,0.1960277541670115,0.0379147454284373,0.6892328620737667,0.03125,0.03125,0.0900222788720081,0.0911541532259434,0.8863667522867521,0.8864869748552641,54.6073957333283,11.983939923228728,0.0034455886039671,0.0129458661251847
resnet18,densenet121,ResNet18->DenseNet121,static_q90,3,0.1949685534591194,0.1792452830188679,0.9208754208754208,3.070260076444818,4.570849561845711,0.0,True,True,matrix_resnet18,resnet18_only,0.0217868026109292,0.0163401019581969,-0.0157232704402515,0.0054467006527323,-0.029253624936319,-0.002192915944184,0.0204113731531685,95.81840600000578,4.333255468177328,31.210126733339468,0.3448242118333388,0.1394961991393309,0.7791025444440592,0.0297670993450178,0.1704472083325122,0.0013258253501176,0.167195738973375,0.0234375,0.0234375,0.0904317890138675,0.0913906632146487,0.8864240596691767,0.8864156405131022,64.60827926666632,25.92455685483637,0.0007422998159245,0.0037114990796226
resnet18,mobilenet_v2,ResNet18->MobileNetV2,dynamic_uniform,3,0.2272727272727273,0.2083333333333333,0.9034953111679456,2.2953418731498707,3.1549098497191856,0.0,True,False,matrix_resnet18,resnet18_only,0.034090909090909,0.0665848326941172,-0.0189393939393939,0.0365289801552763,-0.1096824111148953,0.0718036232361075,0.1593170428506687,83.42973546666326,1.5299467066920944,36.34627613334063,0.2880209422397384,0.0309397071538778,0.7645915364587887,0.0146117571695604,0.2423470937502417,0.0004095228645588,0.0573273835003904,0.0182291666666666,0.0182291666666666,0.089743329755341,0.0910424947117765,0.8866758110622565,0.8864001308878263,47.08345933332263,61.44240283708624,0.0001323918051736,0.0009267426362152
resnet18,mobilenet_v2,ResNet18->MobileNetV2,static_q70,3,0.3106060606060606,0.3257575757575757,1.0494809575269344,2.1863519372179083,2.9433707989925595,0.0,True,False,matrix_resnet18,resnet18_only,0.0173582412687721,0.0131215970270369,0.0151515151515151,0.0065607985135184,-0.0011464118551115,0.0314494421581418,0.0237998639128704,82.18055176666046,0.4938078440470468,37.60457269999703,0.8847819701725298,0.0619791548797259,0.7515744302081657,0.0038926920152963,0.2554565406252448,0.0065082923659364,0.0771444449474476,0.109375,0.109375,0.0905874592717737,0.0912422069037954,0.8862670660018921,0.886482048779726,44.57597906666342,59.34017185660596,0.0001419343294414,0.0009267426362152
resnet18,mobilenet_v2,ResNet18->MobileNetV2,static_q80,3,0.2196969696969697,0.2386363636363636,1.1041666666666667,2.1114895726696763,2.8881541237196444,0.0,True,False,matrix_resnet18,resnet18_only,0.0347164825375442,0.0113636363636363,0.0189393939393939,0.0328039925675923,-0.0625502410937398,0.1004290289725277,0.180421959121758,84.57054450001063,0.218107737825199,40.06714316666088,0.9618046275228782,0.0483295565195691,0.7734984854159848,0.0017325711696315,0.2678948104155804,0.0057560290893234,0.0582676787076072,0.0,0.0,0.0900222788720081,0.0911602755853285,0.8863667522867521,0.8864880166947842,44.50340133334976,89.23022518015678,6.278620263020277e-05,0.000627862026302
resnet18,mobilenet_v2,ResNet18->MobileNetV2,static_q90,3,0.2234848484848484,0.1931818181818182,0.8666666666666667,2.294570828869381,3.149318751220734,0.0,True,False,matrix_resnet18,resnet18_only,0.0065607985135184,0.0227272727272727,-0.0303030303030303,0.0285978577093589,-0.1013440471141186,0.040737986508058,0.1258305739211791,83.67941033332802,0.334899528835982,36.47005196665608,0.2549339382788613,0.0229144589225731,0.7692425732644147,0.003402137076354,0.2442712822930843,0.0024431262990525,0.0309844992968389,0.0,0.0,0.0904317890138675,0.0913906632146487,0.8864240596691767,0.8864156405131022,47.20935836667195,153.03512445909703,2.134813533790013e-05,0.0002561776240548
resnet18,vgg16,ResNet18->VGG16,dynamic_uniform,3,0.1696428571428571,0.1517857142857142,0.9014202172096908,1.6000140055168053,2.6598532920556037,0.0,True,False,matrix_resnet18,resnet18_only,0.0178571428571428,0.0,-0.0178571428571428,0.0178571428571428,-0.0622167448526844,0.0265024591383987,0.0954138114303708,105.64786323333584,1.2712228173054572,66.27813196665375,4.641958300481068,0.1293037744721158,0.7489002322913115,0.0090995746749165,0.2836827277775834,0.0282382368373711,0.3003700197587038,0.0182291666666666,0.0182291666666666,0.089743329755341,0.0910579762421548,0.8866758110622565,0.8864058256149292,39.36973126668212,12.368956858521658,0.0032364665312961,0.0129458661251847
resnet18,vgg16,ResNet18->VGG16,static_q70,3,0.2142857142857142,0.1755952380952381,0.8231591275069535,1.4822908372217605,2.404237371519897,0.0,True,False,matrix_resnet18,resnet18_only,0.0236227795630767,0.0136386181397495,-0.0386904761904761,0.0185863035666619,-0.0848614138024606,0.0074804614215083,0.0744582954177825,102.07595956667016,0.0444664951133886,68.86878370000825,0.7247409785489207,0.0157616181713493,0.7187462854178901,0.0031461683583939,0.2989817892361721,0.0041753262511462,0.0288818952090956,0.015625,0.015625,0.0905874592717737,0.0912422069037954,0.8862670660018921,0.886482048779726,33.207175866661906,78.0049316178995,8.215213196623671e-05,0.0007393691876961
resnet18,vgg16,ResNet18->VGG16,static_q80,3,0.2053571428571428,0.1875,0.9117808519982432,1.1010728183955392,1.8246494341181725,0.0,False,False,matrix_resnet18,resnet18_only,0.0089285714285714,0.0357142857142857,-0.0178571428571428,0.032192422102357,-0.0978275526341928,0.0621132669199071,0.155735838277247,102.0555909999918,0.9369639223073396,98.51629356666427,27.50648591150118,0.3514977132727858,0.7199530395832375,0.0085823566818027,0.418116922569627,0.1143076433082095,0.5654798804347292,0.0078125,0.0078125,0.0900222788720081,0.0911705303005874,0.8863667522867521,0.8864854387938976,3.539297433327496,0.2198255358376208,0.4232021793734527,0.4232021793734527
resnet18,vgg16,ResNet18->VGG16,static_q90,3,0.1934523809523809,0.1726190476190476,0.8888888888888888,1.4027972989548545,2.2970880490575696,0.0,False,False,matrix_resnet18,resnet18_only,0.010309826235529,0.0287013415505742,-0.0208333333333333,0.0185863035666619,-0.0670042709453178,0.0253376042786511,0.0991269523555301,104.9370906999975,3.01637622714398,77.07181366666919,16.14816464868546,0.2954485928524863,0.744019141317747,0.0245248910757205,0.3333861309023025,0.0679524688546447,0.4815331964318642,0.0234375,0.0234375,0.0904317890138675,0.0913730865965287,0.8864240596691767,0.8864175900816917,27.86527703332831,2.5373056140575034,0.0632578691755851,0.1265157383511702
vgg16,densenet121,VGG16->DenseNet121,dynamic_uniform,3,0.1698113207547169,0.1509433962264151,0.892672858617131,1.81837820227989,2.091943541843604,0.0,False,False,matrix_vgg16,vgg16_only,0.0094339622641509,0.0188679245283018,-0.0188679245283018,0.0249599180289112,-0.0808717981861172,0.0431359491295134,0.1381212136902376,284.8794285666857,3.007283307895168,170.90002129999144,65.07633151616457,0.6036751542131946,2.844219209027869,0.0298187158851301,1.493485107985382,0.5959526584414566,0.7118920655724108,0.03125,0.03125,0.0859512677416205,0.0863793560614188,0.8872527293860912,0.887168242285649,113.97940726669428,2.94643214189541,0.0492340628416626,0.0948701926381778
vgg16,densenet121,VGG16->DenseNet121,static_q70,3,0.1540880503144654,0.1415094339622641,0.9298245614035088,2.990897835092773,3.3422410338056725,0.0,True,False,matrix_vgg16,vgg16_only,0.0288212307858857,0.0188679245283018,-0.0125786163522012,0.0217868026109292,-0.0667000343364712,0.0415428016320687,0.1215474250925527,352.5866709666832,20.542561489479088,119.7319755333204,17.62746282082097,0.5158353998165909,3.4681117975679725,0.1871075910710863,1.0475076902762843,0.1196340434584327,0.4614151176794953,0.046875,0.046875,0.0850029531866312,0.0849519263332088,0.8868833867212137,0.886528084675471,232.8546954333627,14.089494867449863,0.0024998423528631,0.0149990541171788
vgg16,densenet121,VGG16->DenseNet121,static_q80,3,0.1540880503144654,0.1446540880503144,0.9380641145347028,2.4157412398201754,2.791864499990975,0.0,True,False,matrix_vgg16,vgg16_only,0.0196383584855295,0.0196383584855295,-0.0094339622641509,0.0,-0.0094339622641509,-0.0094339622641509,0.0083817198938656,330.57112133336096,13.706769321644304,136.8426263333337,0.8494949446195368,0.1003631961155814,3.2712007434024097,0.1270003012570403,1.1717524010424918,0.0062718297354272,0.1128403857060988,0.03125,0.03125,0.085277660517022,0.0858216229050109,0.886856502542893,0.8870848926405112,193.72849500002727,24.525558290038763,0.000829183828658,0.0066334706292643
vgg16,densenet121,VGG16->DenseNet121,static_q90,3,0.1509433962264151,0.1477987421383647,0.9761904761904764,2.2291402611605364,2.516456429857284,0.0,False,False,matrix_vgg16,vgg16_only,0.0163401019581969,0.0217868026109292,-0.0031446540880503,0.0054467006527323,-0.0166750085841178,0.0103857004080171,0.0412393049421161,293.75516736664576,17.94102759719428,150.91244453335335,70.26223576680098,0.9456837069447168,2.9289950222215944,0.1726259486753119,1.328425734721855,0.6142392418153048,1.045096753006946,0.0234375,0.0234375,0.0864294034739335,0.0874823037690172,0.8866208133598169,0.8864625679949919,142.8427228332924,3.010916334428496,0.0474350963190889,0.0948701926381778
vgg16,mobilenet_v2,VGG16->MobileNetV2,dynamic_uniform,3,0.2234848484848484,0.2083333333333333,0.9478715728715728,3.3709175667559896,3.5727822397214264,0.0,True,True,matrix_vgg16,vgg16_only,0.0365289801552763,0.0173582412687721,-0.0151515151515151,0.0347164825375442,-0.1013920386423506,0.0710890083393203,0.1612738714168978,329.7202671999888,11.511755781089278,97.8186105666682,0.2553361260494916,0.1249742557360885,3.345718098264721,0.1147889934161399,0.9364958284697624,0.0022890283973265,0.1302003458879425,0.0182291666666666,0.0182291666666666,0.0859512677416205,0.0863793560614188,0.8872527293860912,0.887168242285649,231.90165663332056,34.254383201181525,0.0004255816968645,0.0042558169686459
vgg16,mobilenet_v2,VGG16->MobileNetV2,static_q70,3,0.2613636363636363,0.2840909090909091,1.0952380952380951,3.2611356983509894,3.454675349384378,0.0,True,True,matrix_vgg16,vgg16_only,0.0300653558075521,0.0300653558075521,0.0227272727272727,0.0393647910811108,-0.0750602893124877,0.1205148347670332,0.1649572197684644,320.8448103000216,33.55646322998513,98.38168706665358,0.0911220789918594,0.3399713626489365,3.25535283437542,0.3277537194240379,0.9423602472221924,0.0009847893622414,0.3508911323085141,0.109375,0.109375,0.0850029531866312,0.0849519263332088,0.8868833867212137,0.886528084675471,222.463123233368,11.496120270346449,0.0037408656343259,0.0176911564395503
vgg16,mobilenet_v2,VGG16->MobileNetV2,static_q80,3,0.1628787878787878,0.1742424242424242,1.0676638176638178,3.269148079442188,3.4629787275600648,0.0,True,True,matrix_vgg16,vgg16_only,0.0365289801552763,0.0459255895946293,0.0113636363636363,0.0227272727272727,-0.0450940389034165,0.0678213116306893,0.1574009615676255,321.5190744999952,32.41741367370991,98.36811689999496,0.2703509437821566,0.3379933631624665,3.262174226041882,0.3161434239721824,0.9421735499963688,0.0024130337651807,0.3439000546379512,0.0,0.0,0.085277660517022,0.0858216229050109,0.886856502542893,0.8870848926405112,223.15095760000017,11.82435277763392,0.00353823128791,0.0176911564395503
vgg16,mobilenet_v2,VGG16->MobileNetV2,static_q90,3,0.1742424242424242,0.1704545454545454,1.0552115583075337,3.28092097390704,3.474655823256105,0.0,True,True,matrix_vgg16,vgg16_only,0.0537024502983251,0.0113636363636363,-0.0037878787878787,0.0524863881081477,-0.1341712948408927,0.1265955372651352,0.3853100491307681,323.12480220000725,38.94039529155402,98.47963576664915,0.1405275400456767,0.3927697000187592,3.274925001736241,0.3796240865809113,0.9425019375008156,0.0019918459322487,0.401798036416164,0.0,0.0,0.0864294034739335,0.0874823037690172,0.8866208133598169,0.8864625679949919,224.6451664333581,10.012906151432649,0.0049137238246855,0.0176911564395503
vgg16,resnet18,VGG16->ResNet18,dynamic_uniform,3,0.1715210355987055,0.1553398058252427,0.9066176470588236,2.8049792610132287,3.016919909694993,0.0,True,False,matrix_vgg16,vgg16_only,0.0202103495093799,0.0168160272579502,-0.0161812297734627,0.0056053424193167,-0.0301056722645613,-0.0022567872823641,0.0281628205914788,280.87365916666266,9.564221892028543,100.13703263333689,0.1871536486916994,0.0991713283434686,2.8467644361111923,0.0922401675233414,0.9436187732636526,0.0009345662556684,0.1005571248044763,0.0208333333333333,0.0208333333333333,0.0859512677416205,0.0863793560614188,0.8872527293860912,0.887168242285649,180.73662653332576,32.30377466377287,0.0004784535074265,0.0043060815668388
vgg16,resnet18,VGG16->ResNet18,static_q70,3,0.1812297734627831,0.1715210355987055,0.952941176470588,2.213503624746448,2.4452416512120223,0.0,True,False,matrix_vgg16,vgg16_only,0.0148303420548732,0.0148303420548732,-0.0097087378640776,0.0256869059326659,-0.0735185495895964,0.054101073861441,0.135677206996127,283.69923023334314,0.9873139815798382,128.23341763331942,3.3723986769951875,0.0649002766960981,2.878020821180144,0.0111431836906095,1.1774845666677722,0.0276172744784445,0.0659125919569835,0.0390625,0.0390625,0.0850029531866312,0.0849519263332088,0.8868833867212137,0.886528084675471,155.46581260002372,61.84321880895484,0.0001306819312098,0.0014375012433084
vgg16,resnet18,VGG16->ResNet18,static_q80,3,0.1974110032362459,0.1844660194174757,0.9322169059011164,2.5443601682939536,2.764706829246872,0.0,True,False,matrix_vgg16,vgg16_only,0.0148303420548732,0.0256869059326659,-0.0129449838187702,0.0148303420548732,-0.0497855957954378,0.0238956281578973,0.0812810558742401,284.0120588333327,0.2495717051723253,112.59764940000603,12.843592033439432,0.2897685063930068,2.882045376042495,0.0030428870137021,1.0500249260405528,0.1095917027787126,0.2873271763590291,0.03125,0.03125,0.085277660517022,0.0858216229050109,0.886856502542893,0.8870848926405112,171.4144094333266,23.125516780041803,0.0009323330224937,0.0066334706292643
vgg16,resnet18,VGG16->ResNet18,static_q90,3,0.1877022653721682,0.1812297734627831,0.968421052631579,2.796420578452936,3.0076145715774287,0.0,True,False,matrix_vgg16,vgg16_only,0.0056053424193167,0.0296606841097465,-0.0064724919093851,0.0340959668377111,-0.0911715689495319,0.0782265851307617,0.1798737630593163,279.2954160999992,4.099802876026769,99.87663239997346,0.0709018731350921,0.0426592990341505,2.832721947916778,0.0415576367718708,0.9418499961799776,0.0012979718823037,0.0438791807093685,0.0,0.0,0.0864294034739335,0.0874823037690172,0.8866208133598169,0.8864625679949919,179.41878370002573,74.75551722416046,8.944724145704266e-05,0.0010733668974845
