source,study_id,source_profile,dataset,model_family,source_model,defense_profile,target_model,suite,paper_visible_retention_row,n,eligible_total,baseline_success_total,candidate_success_total,baseline_asr_mean,candidate_asr_mean,zero_baseline_seed_count,low_baseline_seed_count,baseline_seed_asr_values,per_seed_asr_retention_mean,aggregate_asr_retention,retention_metric_gap,baseline_viability_pass,baseline_viability_reason,metric_correction_applied,metric_correction_source,raw_candidate_asr_mean,raw_per_seed_asr_retention_mean,raw_aggregate_asr_retention,raw_retention_metric_gap
analysis/all_results.csv,reconfirm,r18_only,pet37,cnn,resnet18,standard,mobilenet_v2,dynamic_uniform,True,5,475,136,115,0.2863157894736842,0.24210526315789474,0,0,0.252631578947;0.263157894737;0.284210526316;0.315789473684;0.315789473684,0.8436666666666666,0.8455882352941178,0.0019215686274511867,True,pass,False,,0.24210526315789474,0.8436666666666666,0.8455882352941178,0.0019215686274511867
analysis/all_results.csv,reconfirm,r18_only,pet37,cnn,resnet18,standard,mobilenet_v2,static_q70,True,5,475,171,149,0.36,0.3136842105263158,0,0,0.368421052632;0.357894736842;0.357894736842;0.336842105263;0.378947368421,0.8733800186741363,0.8713450292397661,0.0020349894343701935,True,pass,False,,0.3136842105263158,0.8733800186741363,0.8713450292397661,0.0020349894343701935
analysis/all_results.csv,reconfirm,r18_only,pet37,cnn,resnet18,standard,mobilenet_v2,static_q80,True,5,475,127,118,0.2673684210526316,0.24842105263157893,0,0,0.315789473684;0.273684210526;0.242105263158;0.252631578947;0.252631578947,0.9342530657748049,0.9291338582677164,0.005119207507088497,True,pass,False,,0.24842105263157893,0.9342530657748049,0.9291338582677164,0.005119207507088497
analysis/all_results.csv,reconfirm,r18_only,pet37,cnn,resnet18,standard,mobilenet_v2,static_q90,True,5,475,123,112,0.25894736842105254,0.2551945080151578,0,0,0.284210526316;0.242105263158;0.284210526316;0.242105263158;0.242105263158,0.9855072464,0.9855072464,0.0,True,pass,True,IEEESPL review report,0.23578947368421047,0.915942028985507,0.910569105691057,0.005372923294450049
cpu_evidence/budget_12_255/analysis/all_results.csv,cpu_eps_12_255,r18_only,pet37,cnn,resnet18,standard,mobilenet_v2,dynamic_uniform,True,5,475,178,173,0.3747368421052631,0.3642105263157895,0,0,0.347368421053;0.368421052632;0.378947368421;0.368421052632;0.410526315789,0.973772893772894,0.9719101123595506,0.0018627814133432,True,pass,False,,0.3642105263157895,0.973772893772894,0.9719101123595506,0.0018627814133432
cpu_evidence/budget_12_255/analysis/all_results.csv,cpu_eps_12_255,r18_only,pet37,cnn,resnet18,standard,mobilenet_v2,static_q80,True,5,475,178,179,0.3747368421052631,0.3768421052631578,0,0,0.4;0.410526315789;0.347368421053;0.326315789474;0.389473684211,1.0092463876844182,1.0056179775280898,0.0036284101563284,True,pass,False,,0.3768421052631578,1.0092463876844182,1.0056179775280898,0.0036284101563284
cpu_evidence/budget_4_255/analysis/all_results.csv,cpu_eps_4_255,r18_only,pet37,cnn,resnet18,standard,mobilenet_v2,dynamic_uniform,True,5,475,100,100,0.2105263157894736,0.2105263157894736,0,0,0.147368421053;0.210526315789;0.178947368421;0.210526315789;0.305263157895,1.0246884960880909,1.0,0.0246884960880906,True,pass,False,,0.2105263157894736,1.0246884960880909,1.0,0.0246884960880906
cpu_evidence/budget_4_255/analysis/all_results.csv,cpu_eps_4_255,r18_only,pet37,cnn,resnet18,standard,mobilenet_v2,static_q80,True,5,475,99,83,0.2084210526315789,0.1747368421052631,0,0,0.242105263158;0.210526315789;0.231578947368;0.189473684211;0.168421052632,0.8394180939833114,0.8383838383838383,0.001034255599473,True,pass,False,,0.1747368421052631,0.8394180939833114,0.8383838383838383,0.001034255599473
cpu_evidence/q50_q70_boundary/analysis/all_results.csv,cpu_q50_q70_boundary,r18_only,pet37,cnn,resnet18,standard,mobilenet_v2,q80_to_q95_boundary,True,5,475,120,122,0.2526315789473684,0.2568421052631578,0,0,0.221052631579;0.252631578947;0.252631578947;0.284210526316;0.252631578947,1.0220899470899472,1.0166666666666668,0.0054232804232803,True,pass,False,,0.2568421052631578,1.0220899470899472,1.0166666666666668,0.0054232804232803
cpu_evidence/structure_bucket_only/analysis/all_results.csv,cpu_structure_bucket_only,r18_only,pet37,cnn,resnet18,standard,mobilenet_v2,dynamic_uniform,True,5,475,136,122,0.2863157894736842,0.2568421052631578,0,0,0.252631578947;0.263157894737;0.284210526316;0.315789473684;0.315789473684,0.9026296296296298,0.8970588235294118,0.0055708061002179,True,pass,False,,0.2568421052631578,0.9026296296296298,0.8970588235294118,0.0055708061002179
cpu_evidence/structure_bucket_only/analysis/all_results.csv,cpu_structure_bucket_only,r18_only,pet37,cnn,resnet18,standard,mobilenet_v2,static_q80,True,5,475,127,112,0.2673684210526316,0.2357894736842104,0,0,0.315789473684;0.273684210526;0.242105263158;0.252631578947;0.252631578947,0.8869230769230768,0.8818897637795273,0.0050333131435494,True,pass,False,,0.2357894736842104,0.8869230769230768,0.8818897637795273,0.0050333131435494
cpu_evidence/structure_frequency_only/analysis/all_results.csv,cpu_structure_frequency_only,r18_only,pet37,cnn,resnet18,standard,mobilenet_v2,dynamic_uniform,True,5,475,139,115,0.2926315789473684,0.2421052631578947,0,0,0.263157894737;0.263157894737;0.273684210526;0.315789473684;0.347368421053,0.8273100233100233,0.827338129496403,2.810618637960616e-05,True,pass,False,,0.2421052631578947,0.8273100233100233,0.827338129496403,2.810618637960616e-05
cpu_evidence/structure_frequency_only/analysis/all_results.csv,cpu_structure_frequency_only,r18_only,pet37,cnn,resnet18,standard,mobilenet_v2,static_q80,True,5,475,126,119,0.2652631578947368,0.2505263157894736,0,0,0.305263157895;0.273684210526;0.242105263158;0.252631578947;0.252631578947,0.9468967439357244,0.9444444444444444,0.0024522994912801,True,pass,False,,0.2505263157894736,0.9468967439357244,0.9444444444444444,0.0024522994912801
cpu_evidence/structure_full_vf/analysis/all_results.csv,cpu_structure_full_vf,r18_only,pet37,cnn,resnet18,standard,mobilenet_v2,dynamic_uniform,True,5,475,139,115,0.2926315789473684,0.2421052631578947,0,0,0.263157894737;0.263157894737;0.273684210526;0.315789473684;0.347368421053,0.8273100233100233,0.827338129496403,2.810618637960616e-05,True,pass,False,,0.2421052631578947,0.8273100233100233,0.827338129496403,2.810618637960616e-05
cpu_evidence/structure_full_vf/analysis/all_results.csv,cpu_structure_full_vf,r18_only,pet37,cnn,resnet18,standard,mobilenet_v2,static_q80,True,5,475,126,119,0.2652631578947368,0.2505263157894736,0,0,0.305263157895;0.273684210526;0.242105263158;0.252631578947;0.252631578947,0.9468967439357244,0.9444444444444444,0.0024522994912801,True,pass,False,,0.2505263157894736,0.9468967439357244,0.9444444444444444,0.0024522994912801
cpu_evidence/structure_no_vf/analysis/all_results.csv,cpu_structure_no_vf,r18_only,pet37,cnn,resnet18,standard,mobilenet_v2,dynamic_uniform,True,5,475,139,122,0.2926315789473684,0.2568421052631578,0,0,0.263157894737;0.263157894737;0.273684210526;0.315789473684;0.347368421053,0.8854731934731934,0.8776978417266187,0.0077753517465747,True,pass,False,,0.2568421052631578,0.8854731934731934,0.8776978417266187,0.0077753517465747
cpu_evidence/structure_no_vf/analysis/all_results.csv,cpu_structure_no_vf,r18_only,pet37,cnn,resnet18,standard,mobilenet_v2,static_q80,True,5,475,126,112,0.2652631578947368,0.2357894736842104,0,0,0.305263157895;0.273684210526;0.242105263158;0.252631578947;0.252631578947,0.8938770999115826,0.8888888888888887,0.0049882110226938,True,pass,False,,0.2357894736842104,0.8938770999115826,0.8888888888888887,0.0049882110226938
reviewer_cifar10/analysis/all_results.csv,reviewer_cifar10,cifar10_resnet18,cifar10,cnn,cifar10_resnet18,standard,cifar10_resnet18,dynamic_uniform,True,5,125,19,17,0.152,0.136,0,0,0.16;0.12;0.16;0.16;0.16,0.8833333333333334,0.894736842105263,0.0114035087719296,True,pass,False,,0.136,0.8833333333333334,0.894736842105263,0.0114035087719296
reviewer_cifar10/analysis/all_results.csv,reviewer_cifar10,cifar10_resnet18,cifar10,cnn,cifar10_resnet18,standard,cifar10_resnet18,static_q70,True,5,125,21,20,0.168,0.16,0,0,0.2;0.16;0.16;0.16;0.16,0.96,0.9523809523809524,0.0076190476190476,True,pass,False,,0.16,0.96,0.9523809523809524,0.0076190476190476
reviewer_cifar10/analysis/all_results.csv,reviewer_cifar10,cifar10_resnet18,cifar10,cnn,cifar10_resnet18,standard,cifar10_resnet18,static_q80,True,5,125,20,20,0.16,0.16,0,0,0.16;0.16;0.16;0.16;0.16,1.0,1.0,0.0,True,pass,False,,0.16,1.0,1.0,0.0
reviewer_cifar10/analysis/all_results.csv,reviewer_cifar10,cifar10_resnet18,cifar10,cnn,cifar10_resnet18,standard,cifar10_resnet18,static_q90,True,5,125,16,15,0.128,0.12,0,0,0.12;0.12;0.12;0.16;0.12,0.95,0.9375,0.0124999999999999,True,pass,False,,0.12,0.95,0.9375,0.0124999999999999
reviewer_defended/analysis/all_results.csv,reviewer_defended,cifar10_robustbench,cifar10,robustbench,robustbench:cifar10:Linf:Wong2020Fast,linf_robust,robustbench:cifar10:Linf:Engstrom2019Robustness,dynamic_uniform,True,5,580,50,46,0.0862068965517241,0.0793103448275862,0,0,0.0948275862069;0.0862068965517;0.0948275862069;0.0862068965517;0.0689655172414,0.9322727272727274,0.9200000000000002,0.0122727272727272,True,pass,False,,0.0793103448275862,0.9322727272727274,0.9200000000000002,0.0122727272727272
reviewer_defended/analysis/all_results.csv,reviewer_defended,cifar10_robustbench,cifar10,robustbench,robustbench:cifar10:Linf:Wong2020Fast,linf_robust,robustbench:cifar10:Linf:Engstrom2019Robustness,static_q70,True,5,580,50,50,0.0862068965517241,0.0862068965517241,0,0,0.0862068965517;0.0862068965517;0.0775862068966;0.0948275862069;0.0862068965517,1.004040404040404,1.0,0.004040404040404,True,pass,False,,0.0862068965517241,1.004040404040404,1.0,0.004040404040404
reviewer_defended/analysis/all_results.csv,reviewer_defended,cifar10_robustbench,cifar10,robustbench,robustbench:cifar10:Linf:Wong2020Fast,linf_robust,robustbench:cifar10:Linf:Engstrom2019Robustness,static_q80,True,5,580,47,50,0.0810344827586206,0.0862068965517241,0,0,0.0775862068966;0.0862068965517;0.0775862068966;0.0862068965517;0.0775862068966,1.0666666666666669,1.0638297872340423,0.0028368794326241,True,pass,False,,0.0862068965517241,1.0666666666666669,1.0638297872340423,0.0028368794326241
reviewer_defended/analysis/all_results.csv,reviewer_defended,cifar10_robustbench,cifar10,robustbench,robustbench:cifar10:Linf:Wong2020Fast,linf_robust,robustbench:cifar10:Linf:Engstrom2019Robustness,static_q90,True,5,580,45,47,0.0775862068965517,0.0810344827586206,0,0,0.0775862068966;0.0689655172414;0.0775862068966;0.0862068965517;0.0775862068966,1.047222222222222,1.0444444444444445,0.0027777777777777,True,pass,False,,0.0810344827586206,1.047222222222222,1.0444444444444445,0.0027777777777777
reviewer_defended/analysis/all_results.csv,reviewer_defended,cifar10_robustbench,cifar10,robustbench,robustbench:cifar10:Linf:Wong2020Fast,linf_robust,robustbench:cifar10:Linf:Rice2020Overfitting,dynamic_uniform,True,5,555,53,48,0.0954954954954954,0.0864864864864864,0,0,0.0810810810811;0.0990990990991;0.0990990990991;0.108108108108;0.0900900900901,0.9047474747474747,0.9056603773584904,0.0009129026110156,True,pass,False,,0.0864864864864864,0.9047474747474747,0.9056603773584904,0.0009129026110156
reviewer_defended/analysis/all_results.csv,reviewer_defended,cifar10_robustbench,cifar10,robustbench,robustbench:cifar10:Linf:Wong2020Fast,linf_robust,robustbench:cifar10:Linf:Rice2020Overfitting,static_q70,True,5,555,65,61,0.1171171171171171,0.1099099099099099,0,0,0.117117117117;0.126126126126;0.108108108108;0.108108108108;0.126126126126,0.944139194139194,0.9384615384615383,0.0056776556776557,True,pass,False,,0.1099099099099099,0.944139194139194,0.9384615384615383,0.0056776556776557
reviewer_defended/analysis/all_results.csv,reviewer_defended,cifar10_robustbench,cifar10,robustbench,robustbench:cifar10:Linf:Wong2020Fast,linf_robust,robustbench:cifar10:Linf:Rice2020Overfitting,static_q80,True,5,555,54,52,0.0972972972972972,0.0936936936936936,0,0,0.117117117117;0.0900900900901;0.0990990990991;0.0900900900901;0.0900900900901,0.9674125874125874,0.962962962962963,0.0044496244496243,True,pass,False,,0.0936936936936936,0.9674125874125874,0.962962962962963,0.0044496244496243
reviewer_defended/analysis/all_results.csv,reviewer_defended,cifar10_robustbench,cifar10,robustbench,robustbench:cifar10:Linf:Wong2020Fast,linf_robust,robustbench:cifar10:Linf:Rice2020Overfitting,static_q90,True,5,555,38,38,0.0684684684684684,0.0684684684684684,0,0,0.0720720720721;0.0720720720721;0.0720720720721;0.0630630630631;0.0630630630631,1.0035714285714286,0.9999999999999998,0.0035714285714287,True,pass,False,,0.0684684684684684,1.0035714285714286,0.9999999999999998,0.0035714285714287
reviewer_imagenet/analysis/all_results.csv,reviewer_imagenet_1000,vit_b_16,imagenet1k_subset,transformer,vit_b_16,standard,deit_small_patch16_224.fb_in1k,static_q80,True,5,3920,1406,1342,0.3586734693877551,0.3423469387755101,0,0,0.353316326531;0.352040816327;0.350765306122;0.372448979592;0.364795918367,0.9547813884006476,0.9544807965860596,0.0003005918145879,True,pass,False,,0.3423469387755101,0.9547813884006476,0.9544807965860596,0.0003005918145879
reviewer_imagenet/analysis/all_results.csv,reviewer_imagenet_1000,vit_b_16,imagenet1k_subset,transformer,vit_b_16,standard,deit_tiny_patch16_224.fb_in1k,static_q80,True,5,3495,1251,1209,0.3579399141630901,0.3459227467811159,0,0,0.356223175966;0.361945636624;0.344778254649;0.384835479256;0.34191702432,0.9673447007285264,0.9664268585131895,0.0009178422153367,True,pass,False,,0.3459227467811159,0.9673447007285264,0.9664268585131895,0.0009178422153367
reviewer_imagenet/analysis/all_results.csv,reviewer_imagenet_1000,vit_b_16,imagenet1k_subset,transformer,vit_b_16,standard,swin_t,static_q80,True,5,3990,1083,1050,0.2714285714285714,0.2631578947368421,0,0,0.279448621554;0.265664160401;0.265664160401;0.281954887218;0.264411027569,0.9700899684868498,0.9695290858725762,0.0005608826142735,True,pass,False,,0.2631578947368421,0.9700899684868498,0.9695290858725762,0.0005608826142735
reviewer_imagenet/analysis/all_results.csv,reviewer_imagenet_1000,vit_b_16,imagenet1k_subset,transformer,vit_b_16,standard,swin_v2_t,static_q80,True,5,3960,1058,1020,0.2671717171717171,0.2575757575757576,0,0,0.258838383838;0.265151515152;0.265151515152;0.272727272727;0.27398989899,0.964175918640907,0.9640831758034027,9.274283750415611e-05,True,pass,False,,0.2575757575757576,0.964175918640907,0.9640831758034027,9.274283750415611e-05
