path,method,target_model,suite,seed,duration_sec,device,study_id,source_profile,dataset,model_family,source_model,defense_profile,thread_env_CUDA_VISIBLE_DEVICES,thread_env_MKL_NUM_THREADS,thread_env_OMP_NUM_THREADS,adversarial_successes,asr,clean_accuracy,clean_drop,eligible_examples,examples,jpeg_clean_accuracy,linf,lpips,mean_estimator_time,ssim
reviewer_defended/runs/baseline_diffjpeg/robustbench_cifar10_Linf_Engstrom2019Robustness/dynamic_uniform/seed_42.json,baseline_diffjpeg,robustbench:cifar10:Linf:Engstrom2019Robustness,dynamic_uniform,42,11.517891399998916,cpu,reviewer_defended,cifar10_robustbench,cifar10,robustbench,robustbench:cifar10:Linf:Wong2020Fast,linf_robust,,,,4,0.0344827586206896,0.90625,0.0078125,116,128,0.8984375,0.0313725769519805,,0.0884368406235201,0.9552379623055458
reviewer_defended/runs/baseline_diffjpeg/robustbench_cifar10_Linf_Engstrom2019Robustness/dynamic_uniform/seed_43.json,baseline_diffjpeg,robustbench:cifar10:Linf:Engstrom2019Robustness,dynamic_uniform,43,11.553604799992172,cpu,reviewer_defended,cifar10_robustbench,cifar10,robustbench,robustbench:cifar10:Linf:Wong2020Fast,linf_robust,,,,3,0.0258620689655172,0.90625,0.0,116,128,0.90625,0.0313725769519805,,0.0889567927082074,0.9550658464431764
reviewer_defended/runs/baseline_diffjpeg/robustbench_cifar10_Linf_Engstrom2019Robustness/dynamic_uniform/seed_44.json,baseline_diffjpeg,robustbench:cifar10:Linf:Engstrom2019Robustness,dynamic_uniform,44,11.393794300005538,cpu,reviewer_defended,cifar10_robustbench,cifar10,robustbench,robustbench:cifar10:Linf:Wong2020Fast,linf_robust,,,,4,0.0344827586206896,0.90625,0.03125,116,128,0.875,0.0313725769519805,,0.0869394270833557,0.9553468897938728
reviewer_defended/runs/baseline_diffjpeg/robustbench_cifar10_Linf_Engstrom2019Robustness/dynamic_uniform/seed_45.json,baseline_diffjpeg,robustbench:cifar10:Linf:Engstrom2019Robustness,dynamic_uniform,45,11.499471600021934,cpu,reviewer_defended,cifar10_robustbench,cifar10,robustbench,robustbench:cifar10:Linf:Wong2020Fast,linf_robust,,,,2,0.0172413793103448,0.90625,0.0234375,116,128,0.8828125,0.0313725769519805,,0.0872687437483061,0.9549959823489188
reviewer_defended/runs/baseline_diffjpeg/robustbench_cifar10_Linf_Engstrom2019Robustness/dynamic_uniform/seed_46.json,baseline_diffjpeg,robustbench:cifar10:Linf:Engstrom2019Robustness,dynamic_uniform,46,11.377318500017282,cpu,reviewer_defended,cifar10_robustbench,cifar10,robustbench,robustbench:cifar10:Linf:Wong2020Fast,linf_robust,,,,2,0.0172413793103448,0.90625,0.015625,116,128,0.890625,0.0313725769519805,,0.0872073447932658,0.9550136923789978
reviewer_defended/runs/baseline_diffjpeg/robustbench_cifar10_Linf_Engstrom2019Robustness/static_q70/seed_42.json,baseline_diffjpeg,robustbench:cifar10:Linf:Engstrom2019Robustness,static_q70,42,11.538999899988994,cpu,reviewer_defended,cifar10_robustbench,cifar10,robustbench,robustbench:cifar10:Linf:Wong2020Fast,linf_robust,,,,3,0.0258620689655172,0.90625,0.0078125,116,128,0.8984375,0.0313725769519805,,0.0892163500005456,0.952295109629631
reviewer_defended/runs/baseline_diffjpeg/robustbench_cifar10_Linf_Engstrom2019Robustness/static_q70/seed_43.json,baseline_diffjpeg,robustbench:cifar10:Linf:Engstrom2019Robustness,static_q70,43,11.37577600000077,cpu,reviewer_defended,cifar10_robustbench,cifar10,robustbench,robustbench:cifar10:Linf:Wong2020Fast,linf_robust,,,,2,0.0172413793103448,0.90625,0.0078125,116,128,0.8984375,0.0313725769519805,,0.0873244833325467,0.9530952647328376
reviewer_defended/runs/baseline_diffjpeg/robustbench_cifar10_Linf_Engstrom2019Robustness/static_q70/seed_44.json,baseline_diffjpeg,robustbench:cifar10:Linf:Engstrom2019Robustness,static_q70,44,11.945954999973765,cpu,reviewer_defended,cifar10_robustbench,cifar10,robustbench,robustbench:cifar10:Linf:Wong2020Fast,linf_robust,,,,3,0.0258620689655172,0.90625,0.0078125,116,128,0.8984375,0.0313725769519805,,0.0911755520828592,0.9529366046190262
reviewer_defended/runs/baseline_diffjpeg/robustbench_cifar10_Linf_Engstrom2019Robustness/static_q70/seed_45.json,baseline_diffjpeg,robustbench:cifar10:Linf:Engstrom2019Robustness,static_q70,45,11.940807500010123,cpu,reviewer_defended,cifar10_robustbench,cifar10,robustbench,robustbench:cifar10:Linf:Wong2020Fast,linf_robust,,,,2,0.0172413793103448,0.90625,0.0078125,116,128,0.8984375,0.0313725769519805,,0.0919754197899843,0.9527437016367912
reviewer_defended/runs/baseline_diffjpeg/robustbench_cifar10_Linf_Engstrom2019Robustness/static_q70/seed_46.json,baseline_diffjpeg,robustbench:cifar10:Linf:Engstrom2019Robustness,static_q70,46,11.56221989999176,cpu,reviewer_defended,cifar10_robustbench,cifar10,robustbench,robustbench:cifar10:Linf:Wong2020Fast,linf_robust,,,,3,0.0258620689655172,0.90625,0.0078125,116,128,0.8984375,0.0313725769519805,,0.0886655427117754,0.9532365798950196
reviewer_defended/runs/baseline_diffjpeg/robustbench_cifar10_Linf_Engstrom2019Robustness/static_q80/seed_42.json,baseline_diffjpeg,robustbench:cifar10:Linf:Engstrom2019Robustness,static_q80,42,11.498603600019123,cpu,reviewer_defended,cifar10_robustbench,cifar10,robustbench,robustbench:cifar10:Linf:Wong2020Fast,linf_robust,,,,3,0.0258620689655172,0.90625,0.0234375,116,128,0.8828125,0.0313725769519805,,0.0876273802077776,0.952481374144554
reviewer_defended/runs/baseline_diffjpeg/robustbench_cifar10_Linf_Engstrom2019Robustness/static_q80/seed_43.json,baseline_diffjpeg,robustbench:cifar10:Linf:Engstrom2019Robustness,static_q80,43,11.448408199998084,cpu,reviewer_defended,cifar10_robustbench,cifar10,robustbench,robustbench:cifar10:Linf:Wong2020Fast,linf_robust,,,,2,0.0172413793103448,0.90625,0.0234375,116,128,0.8828125,0.0313725769519805,,0.0884380041667706,0.9531719237565994
reviewer_defended/runs/baseline_diffjpeg/robustbench_cifar10_Linf_Engstrom2019Robustness/static_q80/seed_44.json,baseline_diffjpeg,robustbench:cifar10:Linf:Engstrom2019Robustness,static_q80,44,11.562990400008855,cpu,reviewer_defended,cifar10_robustbench,cifar10,robustbench,robustbench:cifar10:Linf:Wong2020Fast,linf_robust,,,,3,0.0258620689655172,0.90625,0.0234375,116,128,0.8828125,0.0313725769519805,,0.0884998614574215,0.9532152488827704
reviewer_defended/runs/baseline_diffjpeg/robustbench_cifar10_Linf_Engstrom2019Robustness/static_q80/seed_45.json,baseline_diffjpeg,robustbench:cifar10:Linf:Engstrom2019Robustness,static_q80,45,11.390259600011632,cpu,reviewer_defended,cifar10_robustbench,cifar10,robustbench,robustbench:cifar10:Linf:Wong2020Fast,linf_robust,,,,2,0.0172413793103448,0.90625,0.0234375,116,128,0.8828125,0.0313725769519805,,0.0868350364592818,0.9534979462623596
reviewer_defended/runs/baseline_diffjpeg/robustbench_cifar10_Linf_Engstrom2019Robustness/static_q80/seed_46.json,baseline_diffjpeg,robustbench:cifar10:Linf:Engstrom2019Robustness,static_q80,46,11.434348100010538,cpu,reviewer_defended,cifar10_robustbench,cifar10,robustbench,robustbench:cifar10:Linf:Wong2020Fast,linf_robust,,,,2,0.0172413793103448,0.90625,0.0234375,116,128,0.8828125,0.0313725769519805,,0.0881400916681135,0.9533956870436668
reviewer_defended/runs/baseline_diffjpeg/robustbench_cifar10_Linf_Engstrom2019Robustness/static_q90/seed_42.json,baseline_diffjpeg,robustbench:cifar10:Linf:Engstrom2019Robustness,static_q90,42,11.486414399987552,cpu,reviewer_defended,cifar10_robustbench,cifar10,robustbench,robustbench:cifar10:Linf:Wong2020Fast,linf_robust,,,,0,0.0,0.90625,0.0,116,128,0.90625,0.0313725769519805,,0.0883708395825427,0.9519664123654366
reviewer_defended/runs/baseline_diffjpeg/robustbench_cifar10_Linf_Engstrom2019Robustness/static_q90/seed_43.json,baseline_diffjpeg,robustbench:cifar10:Linf:Engstrom2019Robustness,static_q90,43,11.512168700020991,cpu,reviewer_defended,cifar10_robustbench,cifar10,robustbench,robustbench:cifar10:Linf:Wong2020Fast,linf_robust,,,,0,0.0,0.90625,0.0,116,128,0.90625,0.0313725769519805,,0.0887157281249528,0.952911265194416
reviewer_defended/runs/baseline_diffjpeg/robustbench_cifar10_Linf_Engstrom2019Robustness/static_q90/seed_44.json,baseline_diffjpeg,robustbench:cifar10:Linf:Engstrom2019Robustness,static_q90,44,11.39816620000056,cpu,reviewer_defended,cifar10_robustbench,cifar10,robustbench,robustbench:cifar10:Linf:Wong2020Fast,linf_robust,,,,1,0.0086206896551724,0.90625,0.0,116,128,0.90625,0.0313725769519805,,0.0871167770843991,0.9534075558185576
reviewer_defended/runs/baseline_diffjpeg/robustbench_cifar10_Linf_Engstrom2019Robustness/static_q90/seed_45.json,baseline_diffjpeg,robustbench:cifar10:Linf:Engstrom2019Robustness,static_q90,45,11.518338900001254,cpu,reviewer_defended,cifar10_robustbench,cifar10,robustbench,robustbench:cifar10:Linf:Wong2020Fast,linf_robust,,,,0,0.0,0.90625,0.0,116,128,0.90625,0.0313725769519805,,0.0888602281250617,0.9526958838105202
reviewer_defended/runs/baseline_diffjpeg/robustbench_cifar10_Linf_Engstrom2019Robustness/static_q90/seed_46.json,baseline_diffjpeg,robustbench:cifar10:Linf:Engstrom2019Robustness,static_q90,46,11.615056799986633,cpu,reviewer_defended,cifar10_robustbench,cifar10,robustbench,robustbench:cifar10:Linf:Wong2020Fast,linf_robust,,,,1,0.0086206896551724,0.90625,0.0,116,128,0.90625,0.0313725769519805,,0.0890035333338043,0.953230321407318
reviewer_defended/runs/baseline_diffjpeg/robustbench_cifar10_Linf_Rice2020Overfitting/dynamic_uniform/seed_42.json,baseline_diffjpeg,robustbench:cifar10:Linf:Rice2020Overfitting,dynamic_uniform,42,42.935743899986846,cpu,reviewer_defended,cifar10_robustbench,cifar10,robustbench,robustbench:cifar10:Linf:Wong2020Fast,linf_robust,,,,5,0.045045045045045,0.8671875,0.015625,111,128,0.8515625,0.0313725769519805,,0.089243191665749,0.9552379623055458
reviewer_defended/runs/baseline_diffjpeg/robustbench_cifar10_Linf_Rice2020Overfitting/dynamic_uniform/seed_43.json,baseline_diffjpeg,robustbench:cifar10:Linf:Rice2020Overfitting,dynamic_uniform,43,43.10360269999365,cpu,reviewer_defended,cifar10_robustbench,cifar10,robustbench,robustbench:cifar10:Linf:Wong2020Fast,linf_robust,,,,4,0.036036036036036,0.8671875,0.0078125,111,128,0.859375,0.0313725769519805,,0.0890406562511998,0.9550658464431764
reviewer_defended/runs/baseline_diffjpeg/robustbench_cifar10_Linf_Rice2020Overfitting/dynamic_uniform/seed_44.json,baseline_diffjpeg,robustbench:cifar10:Linf:Rice2020Overfitting,dynamic_uniform,44,42.96598519998952,cpu,reviewer_defended,cifar10_robustbench,cifar10,robustbench,robustbench:cifar10:Linf:Wong2020Fast,linf_robust,,,,6,0.054054054054054,0.8671875,0.0234375,111,128,0.84375,0.0313725769519805,,0.0897842312500264,0.9553468897938728
reviewer_defended/runs/baseline_diffjpeg/robustbench_cifar10_Linf_Rice2020Overfitting/dynamic_uniform/seed_45.json,baseline_diffjpeg,robustbench:cifar10:Linf:Rice2020Overfitting,dynamic_uniform,45,42.65854889998445,cpu,reviewer_defended,cifar10_robustbench,cifar10,robustbench,robustbench:cifar10:Linf:Wong2020Fast,linf_robust,,,,4,0.036036036036036,0.8671875,0.015625,111,128,0.8515625,0.0313725769519805,,0.0871543270853483,0.9549959823489188
reviewer_defended/runs/baseline_diffjpeg/robustbench_cifar10_Linf_Rice2020Overfitting/dynamic_uniform/seed_46.json,baseline_diffjpeg,robustbench:cifar10:Linf:Rice2020Overfitting,dynamic_uniform,46,42.90356070001144,cpu,reviewer_defended,cifar10_robustbench,cifar10,robustbench,robustbench:cifar10:Linf:Wong2020Fast,linf_robust,,,,5,0.045045045045045,0.8671875,0.0078125,111,128,0.859375,0.0313725769519805,,0.0886277812508827,0.9550136923789978
reviewer_defended/runs/baseline_diffjpeg/robustbench_cifar10_Linf_Rice2020Overfitting/static_q70/seed_42.json,baseline_diffjpeg,robustbench:cifar10:Linf:Rice2020Overfitting,static_q70,42,44.37966960002086,cpu,reviewer_defended,cifar10_robustbench,cifar10,robustbench,robustbench:cifar10:Linf:Wong2020Fast,linf_robust,,,,4,0.036036036036036,0.8671875,0.0234375,111,128,0.84375,0.0313725769519805,,0.0918906927078448,0.952295109629631
reviewer_defended/runs/baseline_diffjpeg/robustbench_cifar10_Linf_Rice2020Overfitting/static_q70/seed_43.json,baseline_diffjpeg,robustbench:cifar10:Linf:Rice2020Overfitting,static_q70,43,42.83365269997739,cpu,reviewer_defended,cifar10_robustbench,cifar10,robustbench,robustbench:cifar10:Linf:Wong2020Fast,linf_robust,,,,6,0.054054054054054,0.8671875,0.0234375,111,128,0.84375,0.0313725769519805,,0.0875770416650993,0.9530952647328376
reviewer_defended/runs/baseline_diffjpeg/robustbench_cifar10_Linf_Rice2020Overfitting/static_q70/seed_44.json,baseline_diffjpeg,robustbench:cifar10:Linf:Rice2020Overfitting,static_q70,44,42.964095500006806,cpu,reviewer_defended,cifar10_robustbench,cifar10,robustbench,robustbench:cifar10:Linf:Wong2020Fast,linf_robust,,,,5,0.045045045045045,0.8671875,0.0234375,111,128,0.84375,0.0313725769519805,,0.089051147916507,0.9529366046190262
reviewer_defended/runs/baseline_diffjpeg/robustbench_cifar10_Linf_Rice2020Overfitting/static_q70/seed_45.json,baseline_diffjpeg,robustbench:cifar10:Linf:Rice2020Overfitting,static_q70,45,42.97813609999139,cpu,reviewer_defended,cifar10_robustbench,cifar10,robustbench,robustbench:cifar10:Linf:Wong2020Fast,linf_robust,,,,4,0.036036036036036,0.8671875,0.0234375,111,128,0.84375,0.0313725769519805,,0.0885347093762902,0.9527437016367912
reviewer_defended/runs/baseline_diffjpeg/robustbench_cifar10_Linf_Rice2020Overfitting/static_q70/seed_46.json,baseline_diffjpeg,robustbench:cifar10:Linf:Rice2020Overfitting,static_q70,46,43.01235850001103,cpu,reviewer_defended,cifar10_robustbench,cifar10,robustbench,robustbench:cifar10:Linf:Wong2020Fast,linf_robust,,,,5,0.045045045045045,0.8671875,0.0234375,111,128,0.84375,0.0313725769519805,,0.0885675510407963,0.9532365798950196
reviewer_defended/runs/baseline_diffjpeg/robustbench_cifar10_Linf_Rice2020Overfitting/static_q80/seed_42.json,baseline_diffjpeg,robustbench:cifar10:Linf:Rice2020Overfitting,static_q80,42,42.99818019999657,cpu,reviewer_defended,cifar10_robustbench,cifar10,robustbench,robustbench:cifar10:Linf:Wong2020Fast,linf_robust,,,,2,0.018018018018018,0.8671875,0.015625,111,128,0.8515625,0.0313725769519805,,0.0894479802082059,0.952481374144554
reviewer_defended/runs/baseline_diffjpeg/robustbench_cifar10_Linf_Rice2020Overfitting/static_q80/seed_43.json,baseline_diffjpeg,robustbench:cifar10:Linf:Rice2020Overfitting,static_q80,43,43.76105400000233,cpu,reviewer_defended,cifar10_robustbench,cifar10,robustbench,robustbench:cifar10:Linf:Wong2020Fast,linf_robust,,,,2,0.018018018018018,0.8671875,0.015625,111,128,0.8515625,0.0313725769519805,,0.0915871000006518,0.9531719237565994
reviewer_defended/runs/baseline_diffjpeg/robustbench_cifar10_Linf_Rice2020Overfitting/static_q80/seed_44.json,baseline_diffjpeg,robustbench:cifar10:Linf:Rice2020Overfitting,static_q80,44,43.4268379000132,cpu,reviewer_defended,cifar10_robustbench,cifar10,robustbench,robustbench:cifar10:Linf:Wong2020Fast,linf_robust,,,,4,0.036036036036036,0.8671875,0.015625,111,128,0.8515625,0.0313725769519805,,0.090400429166948,0.9532152488827704
reviewer_defended/runs/baseline_diffjpeg/robustbench_cifar10_Linf_Rice2020Overfitting/static_q80/seed_45.json,baseline_diffjpeg,robustbench:cifar10:Linf:Rice2020Overfitting,static_q80,45,44.39593749999767,cpu,reviewer_defended,cifar10_robustbench,cifar10,robustbench,robustbench:cifar10:Linf:Wong2020Fast,linf_robust,,,,4,0.036036036036036,0.8671875,0.015625,111,128,0.8515625,0.0313725769519805,,0.0916634729167829,0.9534979462623596
reviewer_defended/runs/baseline_diffjpeg/robustbench_cifar10_Linf_Rice2020Overfitting/static_q80/seed_46.json,baseline_diffjpeg,robustbench:cifar10:Linf:Rice2020Overfitting,static_q80,46,42.83046500000637,cpu,reviewer_defended,cifar10_robustbench,cifar10,robustbench,robustbench:cifar10:Linf:Wong2020Fast,linf_robust,,,,3,0.027027027027027,0.8671875,0.015625,111,128,0.8515625,0.0313725769519805,,0.0876360770804846,0.9533956870436668
reviewer_defended/runs/baseline_diffjpeg/robustbench_cifar10_Linf_Rice2020Overfitting/static_q90/seed_42.json,baseline_diffjpeg,robustbench:cifar10:Linf:Rice2020Overfitting,static_q90,42,42.90109959998517,cpu,reviewer_defended,cifar10_robustbench,cifar10,robustbench,robustbench:cifar10:Linf:Wong2020Fast,linf_robust,,,,4,0.036036036036036,0.8671875,-0.0078125,111,128,0.875,0.0313725769519805,,0.0892666645834955,0.9519664123654366
reviewer_defended/runs/baseline_diffjpeg/robustbench_cifar10_Linf_Rice2020Overfitting/static_q90/seed_43.json,baseline_diffjpeg,robustbench:cifar10:Linf:Rice2020Overfitting,static_q90,43,42.8777191999834,cpu,reviewer_defended,cifar10_robustbench,cifar10,robustbench,robustbench:cifar10:Linf:Wong2020Fast,linf_robust,,,,4,0.036036036036036,0.8671875,-0.0078125,111,128,0.875,0.0313725769519805,,0.0881993395823883,0.952911265194416
reviewer_defended/runs/baseline_diffjpeg/robustbench_cifar10_Linf_Rice2020Overfitting/static_q90/seed_44.json,baseline_diffjpeg,robustbench:cifar10:Linf:Rice2020Overfitting,static_q90,44,43.05230710000615,cpu,reviewer_defended,cifar10_robustbench,cifar10,robustbench,robustbench:cifar10:Linf:Wong2020Fast,linf_robust,,,,4,0.036036036036036,0.8671875,-0.0078125,111,128,0.875,0.0313725769519805,,0.0894304635412481,0.9534075558185576
reviewer_defended/runs/baseline_diffjpeg/robustbench_cifar10_Linf_Rice2020Overfitting/static_q90/seed_45.json,baseline_diffjpeg,robustbench:cifar10:Linf:Rice2020Overfitting,static_q90,45,42.96717200000421,cpu,reviewer_defended,cifar10_robustbench,cifar10,robustbench,robustbench:cifar10:Linf:Wong2020Fast,linf_robust,,,,5,0.045045045045045,0.8671875,-0.0078125,111,128,0.875,0.0313725769519805,,0.0893733916673227,0.9526958838105202
reviewer_defended/runs/baseline_diffjpeg/robustbench_cifar10_Linf_Rice2020Overfitting/static_q90/seed_46.json,baseline_diffjpeg,robustbench:cifar10:Linf:Rice2020Overfitting,static_q90,46,42.911865100002615,cpu,reviewer_defended,cifar10_robustbench,cifar10,robustbench,robustbench:cifar10:Linf:Wong2020Fast,linf_robust,,,,2,0.018018018018018,0.8671875,-0.0078125,111,128,0.875,0.0313725769519805,,0.0885069864574082,0.953230321407318
reviewer_defended/runs/baseline_strong/robustbench_cifar10_Linf_Engstrom2019Robustness/dynamic_uniform/seed_42.json,baseline_strong,robustbench:cifar10:Linf:Engstrom2019Robustness,dynamic_uniform,42,28.875774999993155,cpu,reviewer_defended,cifar10_robustbench,cifar10,robustbench,robustbench:cifar10:Linf:Wong2020Fast,linf_robust,,,,11,0.0948275862068965,0.90625,0.0078125,116,128,0.8984375,0.0313725769519805,,0.268730457290682,0.9482251405715942
reviewer_defended/runs/baseline_strong/robustbench_cifar10_Linf_Engstrom2019Robustness/dynamic_uniform/seed_43.json,baseline_strong,robustbench:cifar10:Linf:Engstrom2019Robustness,dynamic_uniform,43,30.618947799986927,cpu,reviewer_defended,cifar10_robustbench,cifar10,robustbench,robustbench:cifar10:Linf:Wong2020Fast,linf_robust,,,,10,0.0862068965517241,0.90625,0.0,116,128,0.90625,0.0313725769519805,,0.2855395510426509,0.9490744471549988
reviewer_defended/runs/baseline_strong/robustbench_cifar10_Linf_Engstrom2019Robustness/dynamic_uniform/seed_44.json,baseline_strong,robustbench:cifar10:Linf:Engstrom2019Robustness,dynamic_uniform,44,30.56310790000134,cpu,reviewer_defended,cifar10_robustbench,cifar10,robustbench,robustbench:cifar10:Linf:Wong2020Fast,linf_robust,,,,11,0.0948275862068965,0.90625,0.03125,116,128,0.875,0.0313725769519805,,0.2840562031257529,0.948453314602375
reviewer_defended/runs/baseline_strong/robustbench_cifar10_Linf_Engstrom2019Robustness/dynamic_uniform/seed_45.json,baseline_strong,robustbench:cifar10:Linf:Engstrom2019Robustness,dynamic_uniform,45,29.31380570001784,cpu,reviewer_defended,cifar10_robustbench,cifar10,robustbench,robustbench:cifar10:Linf:Wong2020Fast,linf_robust,,,,10,0.0862068965517241,0.90625,0.0234375,116,128,0.8828125,0.0313725769519805,,0.273012358332077,0.9485125839710236
reviewer_defended/runs/baseline_strong/robustbench_cifar10_Linf_Engstrom2019Robustness/dynamic_uniform/seed_46.json,baseline_strong,robustbench:cifar10:Linf:Engstrom2019Robustness,dynamic_uniform,46,29.20668070000829,cpu,reviewer_defended,cifar10_robustbench,cifar10,robustbench,robustbench:cifar10:Linf:Wong2020Fast,linf_robust,,,,8,0.0689655172413793,0.90625,0.015625,116,128,0.890625,0.0313725769519805,,0.2713328302073326,0.948764070868492
reviewer_defended/runs/baseline_strong/robustbench_cifar10_Linf_Engstrom2019Robustness/static_q70/seed_42.json,baseline_strong,robustbench:cifar10:Linf:Engstrom2019Robustness,static_q70,42,28.65878570001223,cpu,reviewer_defended,cifar10_robustbench,cifar10,robustbench,robustbench:cifar10:Linf:Wong2020Fast,linf_robust,,,,10,0.0862068965517241,0.90625,0.0078125,116,128,0.8984375,0.0313725769519805,,0.2664585666689162,0.9477919116616248
reviewer_defended/runs/baseline_strong/robustbench_cifar10_Linf_Engstrom2019Robustness/static_q70/seed_43.json,baseline_strong,robustbench:cifar10:Linf:Engstrom2019Robustness,static_q70,43,28.875549699994732,cpu,reviewer_defended,cifar10_robustbench,cifar10,robustbench,robustbench:cifar10:Linf:Wong2020Fast,linf_robust,,,,10,0.0862068965517241,0.90625,0.0078125,116,128,0.8984375,0.0313725769519805,,0.2684672177086517,0.9483813270926476
reviewer_defended/runs/baseline_strong/robustbench_cifar10_Linf_Engstrom2019Robustness/static_q70/seed_44.json,baseline_strong,robustbench:cifar10:Linf:Engstrom2019Robustness,static_q70,44,28.74550970000564,cpu,reviewer_defended,cifar10_robustbench,cifar10,robustbench,robustbench:cifar10:Linf:Wong2020Fast,linf_robust,,,,9,0.0775862068965517,0.90625,0.0078125,116,128,0.8984375,0.0313725769519805,,0.2671351979176203,0.94849044829607
reviewer_defended/runs/baseline_strong/robustbench_cifar10_Linf_Engstrom2019Robustness/static_q70/seed_45.json,baseline_strong,robustbench:cifar10:Linf:Engstrom2019Robustness,static_q70,45,28.83451149999746,cpu,reviewer_defended,cifar10_robustbench,cifar10,robustbench,robustbench:cifar10:Linf:Wong2020Fast,linf_robust,,,,11,0.0948275862068965,0.90625,0.0078125,116,128,0.8984375,0.0313725769519805,,0.2682633104153259,0.9486320167779922
reviewer_defended/runs/baseline_strong/robustbench_cifar10_Linf_Engstrom2019Robustness/static_q70/seed_46.json,baseline_strong,robustbench:cifar10:Linf:Engstrom2019Robustness,static_q70,46,29.41714169998886,cpu,reviewer_defended,cifar10_robustbench,cifar10,robustbench,robustbench:cifar10:Linf:Wong2020Fast,linf_robust,,,,10,0.0862068965517241,0.90625,0.0078125,116,128,0.8984375,0.0313725769519805,,0.273690615625128,0.9486157074570656
reviewer_defended/runs/baseline_strong/robustbench_cifar10_Linf_Engstrom2019Robustness/static_q80/seed_42.json,baseline_strong,robustbench:cifar10:Linf:Engstrom2019Robustness,static_q80,42,29.04523170000175,cpu,reviewer_defended,cifar10_robustbench,cifar10,robustbench,robustbench:cifar10:Linf:Wong2020Fast,linf_robust,,,,9,0.0775862068965517,0.90625,0.0234375,116,128,0.8828125,0.0313725769519805,,0.2701033250007943,0.9477602764964104
reviewer_defended/runs/baseline_strong/robustbench_cifar10_Linf_Engstrom2019Robustness/static_q80/seed_43.json,baseline_strong,robustbench:cifar10:Linf:Engstrom2019Robustness,static_q80,43,28.86343379999744,cpu,reviewer_defended,cifar10_robustbench,cifar10,robustbench,robustbench:cifar10:Linf:Wong2020Fast,linf_robust,,,,10,0.0862068965517241,0.90625,0.0234375,116,128,0.8828125,0.0313725769519805,,0.2676834552100142,0.9483361914753914
reviewer_defended/runs/baseline_strong/robustbench_cifar10_Linf_Engstrom2019Robustness/static_q80/seed_44.json,baseline_strong,robustbench:cifar10:Linf:Engstrom2019Robustness,static_q80,44,29.0125855000224,cpu,reviewer_defended,cifar10_robustbench,cifar10,robustbench,robustbench:cifar10:Linf:Wong2020Fast,linf_robust,,,,9,0.0775862068965517,0.90625,0.0234375,116,128,0.8828125,0.0313725769519805,,0.2694188343718148,0.9487027823925018
reviewer_defended/runs/baseline_strong/robustbench_cifar10_Linf_Engstrom2019Robustness/static_q80/seed_45.json,baseline_strong,robustbench:cifar10:Linf:Engstrom2019Robustness,static_q80,45,29.160313899978064,cpu,reviewer_defended,cifar10_robustbench,cifar10,robustbench,robustbench:cifar10:Linf:Wong2020Fast,linf_robust,,,,10,0.0862068965517241,0.90625,0.0234375,116,128,0.8828125,0.0313725769519805,,0.2714634375006426,0.9486325904726982
reviewer_defended/runs/baseline_strong/robustbench_cifar10_Linf_Engstrom2019Robustness/static_q80/seed_46.json,baseline_strong,robustbench:cifar10:Linf:Engstrom2019Robustness,static_q80,46,28.84814569997252,cpu,reviewer_defended,cifar10_robustbench,cifar10,robustbench,robustbench:cifar10:Linf:Wong2020Fast,linf_robust,,,,9,0.0775862068965517,0.90625,0.0234375,116,128,0.8828125,0.0313725769519805,,0.2688728385416349,0.9490065425634384
reviewer_defended/runs/baseline_strong/robustbench_cifar10_Linf_Engstrom2019Robustness/static_q90/seed_42.json,baseline_strong,robustbench:cifar10:Linf:Engstrom2019Robustness,static_q90,42,29.038357299985364,cpu,reviewer_defended,cifar10_robustbench,cifar10,robustbench,robustbench:cifar10:Linf:Wong2020Fast,linf_robust,,,,9,0.0775862068965517,0.90625,0.0,116,128,0.90625,0.0313725769519805,,0.2693865218740636,0.947909414768219
reviewer_defended/runs/baseline_strong/robustbench_cifar10_Linf_Engstrom2019Robustness/static_q90/seed_43.json,baseline_strong,robustbench:cifar10:Linf:Engstrom2019Robustness,static_q90,43,28.865601099998457,cpu,reviewer_defended,cifar10_robustbench,cifar10,robustbench,robustbench:cifar10:Linf:Wong2020Fast,linf_robust,,,,8,0.0689655172413793,0.90625,0.0,116,128,0.90625,0.0313725769519805,,0.2684220041677084,0.9484739750623704
reviewer_defended/runs/baseline_strong/robustbench_cifar10_Linf_Engstrom2019Robustness/static_q90/seed_44.json,baseline_strong,robustbench:cifar10:Linf:Engstrom2019Robustness,static_q90,44,28.93660380001529,cpu,reviewer_defended,cifar10_robustbench,cifar10,robustbench,robustbench:cifar10:Linf:Wong2020Fast,linf_robust,,,,9,0.0775862068965517,0.90625,0.0,116,128,0.90625,0.0313725769519805,,0.2692911208323494,0.9484394118189812
reviewer_defended/runs/baseline_strong/robustbench_cifar10_Linf_Engstrom2019Robustness/static_q90/seed_45.json,baseline_strong,robustbench:cifar10:Linf:Engstrom2019Robustness,static_q90,45,28.98488319999888,cpu,reviewer_defended,cifar10_robustbench,cifar10,robustbench,robustbench:cifar10:Linf:Wong2020Fast,linf_robust,,,,10,0.0862068965517241,0.90625,0.0,116,128,0.90625,0.0313725769519805,,0.2697732729178218,0.948763571679592
reviewer_defended/runs/baseline_strong/robustbench_cifar10_Linf_Engstrom2019Robustness/static_q90/seed_46.json,baseline_strong,robustbench:cifar10:Linf:Engstrom2019Robustness,static_q90,46,28.919797199981986,cpu,reviewer_defended,cifar10_robustbench,cifar10,robustbench,robustbench:cifar10:Linf:Wong2020Fast,linf_robust,,,,9,0.0775862068965517,0.90625,0.0,116,128,0.90625,0.0313725769519805,,0.268633221872733,0.9487905502319336
reviewer_defended/runs/baseline_strong/robustbench_cifar10_Linf_Rice2020Overfitting/dynamic_uniform/seed_42.json,baseline_strong,robustbench:cifar10:Linf:Rice2020Overfitting,dynamic_uniform,42,60.44862929999363,cpu,reviewer_defended,cifar10_robustbench,cifar10,robustbench,robustbench:cifar10:Linf:Wong2020Fast,linf_robust,,,,9,0.081081081081081,0.8671875,0.015625,111,128,0.8515625,0.0313725769519805,,0.2703668437501013,0.9482251405715942
reviewer_defended/runs/baseline_strong/robustbench_cifar10_Linf_Rice2020Overfitting/dynamic_uniform/seed_43.json,baseline_strong,robustbench:cifar10:Linf:Rice2020Overfitting,dynamic_uniform,43,60.38125010000658,cpu,reviewer_defended,cifar10_robustbench,cifar10,robustbench,robustbench:cifar10:Linf:Wong2020Fast,linf_robust,,,,11,0.0990990990990991,0.8671875,0.0078125,111,128,0.859375,0.0313725769519805,,0.2679877229181026,0.9490744471549988
reviewer_defended/runs/baseline_strong/robustbench_cifar10_Linf_Rice2020Overfitting/dynamic_uniform/seed_44.json,baseline_strong,robustbench:cifar10:Linf:Rice2020Overfitting,dynamic_uniform,44,60.13638979999814,cpu,reviewer_defended,cifar10_robustbench,cifar10,robustbench,robustbench:cifar10:Linf:Wong2020Fast,linf_robust,,,,11,0.0990990990990991,0.8671875,0.0234375,111,128,0.84375,0.0313725769519805,,0.2672376447920518,0.948453314602375
reviewer_defended/runs/baseline_strong/robustbench_cifar10_Linf_Rice2020Overfitting/dynamic_uniform/seed_45.json,baseline_strong,robustbench:cifar10:Linf:Rice2020Overfitting,dynamic_uniform,45,60.663887900009286,cpu,reviewer_defended,cifar10_robustbench,cifar10,robustbench,robustbench:cifar10:Linf:Wong2020Fast,linf_robust,,,,12,0.1081081081081081,0.8671875,0.015625,111,128,0.8515625,0.0313725769519805,,0.271473550000034,0.9485125839710236
reviewer_defended/runs/baseline_strong/robustbench_cifar10_Linf_Rice2020Overfitting/dynamic_uniform/seed_46.json,baseline_strong,robustbench:cifar10:Linf:Rice2020Overfitting,dynamic_uniform,46,60.295501999993576,cpu,reviewer_defended,cifar10_robustbench,cifar10,robustbench,robustbench:cifar10:Linf:Wong2020Fast,linf_robust,,,,10,0.09009009009009,0.8671875,0.0078125,111,128,0.859375,0.0313725769519805,,0.2691420625002744,0.948764070868492
reviewer_defended/runs/baseline_strong/robustbench_cifar10_Linf_Rice2020Overfitting/static_q70/seed_42.json,baseline_strong,robustbench:cifar10:Linf:Rice2020Overfitting,static_q70,42,56.25997620000271,cpu,reviewer_defended,cifar10_robustbench,cifar10,robustbench,robustbench:cifar10:Linf:Wong2020Fast,linf_robust,,,,13,0.1171171171171171,0.8671875,0.0234375,111,128,0.84375,0.0313725769519805,,0.2515337000022555,0.9477919116616248
reviewer_defended/runs/baseline_strong/robustbench_cifar10_Linf_Rice2020Overfitting/static_q70/seed_43.json,baseline_strong,robustbench:cifar10:Linf:Rice2020Overfitting,static_q70,43,60.47226650000084,cpu,reviewer_defended,cifar10_robustbench,cifar10,robustbench,robustbench:cifar10:Linf:Wong2020Fast,linf_robust,,,,14,0.1261261261261261,0.8671875,0.0234375,111,128,0.84375,0.0313725769519805,,0.2688680156252304,0.9483813270926476
reviewer_defended/runs/baseline_strong/robustbench_cifar10_Linf_Rice2020Overfitting/static_q70/seed_44.json,baseline_strong,robustbench:cifar10:Linf:Rice2020Overfitting,static_q70,44,60.44921200000681,cpu,reviewer_defended,cifar10_robustbench,cifar10,robustbench,robustbench:cifar10:Linf:Wong2020Fast,linf_robust,,,,12,0.1081081081081081,0.8671875,0.0234375,111,128,0.84375,0.0313725769519805,,0.2691358937487773,0.94849044829607
reviewer_defended/runs/baseline_strong/robustbench_cifar10_Linf_Rice2020Overfitting/static_q70/seed_45.json,baseline_strong,robustbench:cifar10:Linf:Rice2020Overfitting,static_q70,45,60.46079730000929,cpu,reviewer_defended,cifar10_robustbench,cifar10,robustbench,robustbench:cifar10:Linf:Wong2020Fast,linf_robust,,,,12,0.1081081081081081,0.8671875,0.0234375,111,128,0.84375,0.0313725769519805,,0.2691762375022032,0.9486320167779922
reviewer_defended/runs/baseline_strong/robustbench_cifar10_Linf_Rice2020Overfitting/static_q70/seed_46.json,baseline_strong,robustbench:cifar10:Linf:Rice2020Overfitting,static_q70,46,60.41199920000509,cpu,reviewer_defended,cifar10_robustbench,cifar10,robustbench,robustbench:cifar10:Linf:Wong2020Fast,linf_robust,,,,14,0.1261261261261261,0.8671875,0.0234375,111,128,0.84375,0.0313725769519805,,0.2705724489590769,0.9486157074570656
reviewer_defended/runs/baseline_strong/robustbench_cifar10_Linf_Rice2020Overfitting/static_q80/seed_42.json,baseline_strong,robustbench:cifar10:Linf:Rice2020Overfitting,static_q80,42,60.23776549997274,cpu,reviewer_defended,cifar10_robustbench,cifar10,robustbench,robustbench:cifar10:Linf:Wong2020Fast,linf_robust,,,,13,0.1171171171171171,0.8671875,0.015625,111,128,0.8515625,0.0313725769519805,,0.2690320385421122,0.9477602764964104
reviewer_defended/runs/baseline_strong/robustbench_cifar10_Linf_Rice2020Overfitting/static_q80/seed_43.json,baseline_strong,robustbench:cifar10:Linf:Rice2020Overfitting,static_q80,43,60.587600500002736,cpu,reviewer_defended,cifar10_robustbench,cifar10,robustbench,robustbench:cifar10:Linf:Wong2020Fast,linf_robust,,,,10,0.09009009009009,0.8671875,0.015625,111,128,0.8515625,0.0313725769519805,,0.2689269645822302,0.9483361914753914
reviewer_defended/runs/baseline_strong/robustbench_cifar10_Linf_Rice2020Overfitting/static_q80/seed_44.json,baseline_strong,robustbench:cifar10:Linf:Rice2020Overfitting,static_q80,44,60.05377709999448,cpu,reviewer_defended,cifar10_robustbench,cifar10,robustbench,robustbench:cifar10:Linf:Wong2020Fast,linf_robust,,,,11,0.0990990990990991,0.8671875,0.015625,111,128,0.8515625,0.0313725769519805,,0.2675046822911706,0.9487027823925018
reviewer_defended/runs/baseline_strong/robustbench_cifar10_Linf_Rice2020Overfitting/static_q80/seed_45.json,baseline_strong,robustbench:cifar10:Linf:Rice2020Overfitting,static_q80,45,60.34008699998958,cpu,reviewer_defended,cifar10_robustbench,cifar10,robustbench,robustbench:cifar10:Linf:Wong2020Fast,linf_robust,,,,10,0.09009009009009,0.8671875,0.015625,111,128,0.8515625,0.0313725769519805,,0.269291482291616,0.9486325904726982
reviewer_defended/runs/baseline_strong/robustbench_cifar10_Linf_Rice2020Overfitting/static_q80/seed_46.json,baseline_strong,robustbench:cifar10:Linf:Rice2020Overfitting,static_q80,46,60.48982960000285,cpu,reviewer_defended,cifar10_robustbench,cifar10,robustbench,robustbench:cifar10:Linf:Wong2020Fast,linf_robust,,,,10,0.09009009009009,0.8671875,0.015625,111,128,0.8515625,0.0313725769519805,,0.2692207697946287,0.9490065425634384
reviewer_defended/runs/baseline_strong/robustbench_cifar10_Linf_Rice2020Overfitting/static_q90/seed_42.json,baseline_strong,robustbench:cifar10:Linf:Rice2020Overfitting,static_q90,42,60.158687599992845,cpu,reviewer_defended,cifar10_robustbench,cifar10,robustbench,robustbench:cifar10:Linf:Wong2020Fast,linf_robust,,,,8,0.072072072072072,0.8671875,-0.0078125,111,128,0.875,0.0313725769519805,,0.2687911364570634,0.947909414768219
reviewer_defended/runs/baseline_strong/robustbench_cifar10_Linf_Rice2020Overfitting/static_q90/seed_43.json,baseline_strong,robustbench:cifar10:Linf:Rice2020Overfitting,static_q90,43,60.270844499988016,cpu,reviewer_defended,cifar10_robustbench,cifar10,robustbench,robustbench:cifar10:Linf:Wong2020Fast,linf_robust,,,,8,0.072072072072072,0.8671875,-0.0078125,111,128,0.875,0.0313725769519805,,0.2681535604184925,0.9484739750623704
reviewer_defended/runs/baseline_strong/robustbench_cifar10_Linf_Rice2020Overfitting/static_q90/seed_44.json,baseline_strong,robustbench:cifar10:Linf:Rice2020Overfitting,static_q90,44,60.528791799995815,cpu,reviewer_defended,cifar10_robustbench,cifar10,robustbench,robustbench:cifar10:Linf:Wong2020Fast,linf_robust,,,,8,0.072072072072072,0.8671875,-0.0078125,111,128,0.875,0.0313725769519805,,0.2705058687512671,0.9484394118189812
reviewer_defended/runs/baseline_strong/robustbench_cifar10_Linf_Rice2020Overfitting/static_q90/seed_45.json,baseline_strong,robustbench:cifar10:Linf:Rice2020Overfitting,static_q90,45,60.18063080002321,cpu,reviewer_defended,cifar10_robustbench,cifar10,robustbench,robustbench:cifar10:Linf:Wong2020Fast,linf_robust,,,,7,0.063063063063063,0.8671875,-0.0078125,111,128,0.875,0.0313725769519805,,0.2683187614578249,0.948763571679592
reviewer_defended/runs/baseline_strong/robustbench_cifar10_Linf_Rice2020Overfitting/static_q90/seed_46.json,baseline_strong,robustbench:cifar10:Linf:Rice2020Overfitting,static_q90,46,60.16564339998877,cpu,reviewer_defended,cifar10_robustbench,cifar10,robustbench,robustbench:cifar10:Linf:Wong2020Fast,linf_robust,,,,7,0.063063063063063,0.8671875,-0.0078125,111,128,0.875,0.0313725769519805,,0.2687325708317682,0.9487905502319336
reviewer_defended/runs/vf_advjpeg/robustbench_cifar10_Linf_Engstrom2019Robustness/dynamic_uniform/seed_42.json,vf_advjpeg,robustbench:cifar10:Linf:Engstrom2019Robustness,dynamic_uniform,42,12.509884099999908,cpu,reviewer_defended,cifar10_robustbench,cifar10,robustbench,robustbench:cifar10:Linf:Wong2020Fast,linf_robust,,,,9,0.0775862068965517,0.90625,0.0078125,116,128,0.8984375,0.0313725769519805,,0.0872927302061725,0.947459690272808
reviewer_defended/runs/vf_advjpeg/robustbench_cifar10_Linf_Engstrom2019Robustness/dynamic_uniform/seed_43.json,vf_advjpeg,robustbench:cifar10:Linf:Engstrom2019Robustness,dynamic_uniform,43,12.34771100000944,cpu,reviewer_defended,cifar10_robustbench,cifar10,robustbench,robustbench:cifar10:Linf:Wong2020Fast,linf_robust,,,,9,0.0775862068965517,0.90625,0.0,116,128,0.90625,0.0313725769519805,,0.0858338062495628,0.9483537152409554
reviewer_defended/runs/vf_advjpeg/robustbench_cifar10_Linf_Engstrom2019Robustness/dynamic_uniform/seed_44.json,vf_advjpeg,robustbench:cifar10:Linf:Engstrom2019Robustness,dynamic_uniform,44,12.355997600010596,cpu,reviewer_defended,cifar10_robustbench,cifar10,robustbench,robustbench:cifar10:Linf:Wong2020Fast,linf_robust,,,,9,0.0775862068965517,0.90625,0.03125,116,128,0.875,0.0313725769519805,,0.0855609677076548,0.9479074776172638
reviewer_defended/runs/vf_advjpeg/robustbench_cifar10_Linf_Engstrom2019Robustness/dynamic_uniform/seed_45.json,vf_advjpeg,robustbench:cifar10:Linf:Engstrom2019Robustness,dynamic_uniform,45,12.555063100007828,cpu,reviewer_defended,cifar10_robustbench,cifar10,robustbench,robustbench:cifar10:Linf:Wong2020Fast,linf_robust,,,,10,0.0862068965517241,0.90625,0.0234375,116,128,0.8828125,0.0313725769519805,,0.086352317708588,0.947659194469452
reviewer_defended/runs/vf_advjpeg/robustbench_cifar10_Linf_Engstrom2019Robustness/dynamic_uniform/seed_46.json,vf_advjpeg,robustbench:cifar10:Linf:Engstrom2019Robustness,dynamic_uniform,46,12.47527289998834,cpu,reviewer_defended,cifar10_robustbench,cifar10,robustbench,robustbench:cifar10:Linf:Wong2020Fast,linf_robust,,,,9,0.0775862068965517,0.90625,0.015625,116,128,0.890625,0.0313725769519805,,0.0860152635389871,0.9479179531335832
reviewer_defended/runs/vf_advjpeg/robustbench_cifar10_Linf_Engstrom2019Robustness/static_q70/seed_42.json,vf_advjpeg,robustbench:cifar10:Linf:Engstrom2019Robustness,static_q70,42,12.366335700004129,cpu,reviewer_defended,cifar10_robustbench,cifar10,robustbench,robustbench:cifar10:Linf:Wong2020Fast,linf_robust,,,,10,0.0862068965517241,0.90625,0.0078125,116,128,0.8984375,0.0313725769519805,,0.0859267822922144,0.946963645517826
reviewer_defended/runs/vf_advjpeg/robustbench_cifar10_Linf_Engstrom2019Robustness/static_q70/seed_43.json,vf_advjpeg,robustbench:cifar10:Linf:Engstrom2019Robustness,static_q70,43,12.501793499977794,cpu,reviewer_defended,cifar10_robustbench,cifar10,robustbench,robustbench:cifar10:Linf:Wong2020Fast,linf_robust,,,,10,0.0862068965517241,0.90625,0.0078125,116,128,0.8984375,0.0313725769519805,,0.0870721281244186,0.9473726004362106
reviewer_defended/runs/vf_advjpeg/robustbench_cifar10_Linf_Engstrom2019Robustness/static_q70/seed_44.json,vf_advjpeg,robustbench:cifar10:Linf:Engstrom2019Robustness,static_q70,44,12.367726299999047,cpu,reviewer_defended,cifar10_robustbench,cifar10,robustbench,robustbench:cifar10:Linf:Wong2020Fast,linf_robust,,,,10,0.0862068965517241,0.90625,0.0078125,116,128,0.8984375,0.0313725769519805,,0.085805861458842,0.9477549120783806
reviewer_defended/runs/vf_advjpeg/robustbench_cifar10_Linf_Engstrom2019Robustness/static_q70/seed_45.json,vf_advjpeg,robustbench:cifar10:Linf:Engstrom2019Robustness,static_q70,45,12.27492210001219,cpu,reviewer_defended,cifar10_robustbench,cifar10,robustbench,robustbench:cifar10:Linf:Wong2020Fast,linf_robust,,,,10,0.0862068965517241,0.90625,0.0078125,116,128,0.8984375,0.0313725769519805,,0.0854009843739428,0.947848379611969
reviewer_defended/runs/vf_advjpeg/robustbench_cifar10_Linf_Engstrom2019Robustness/static_q70/seed_46.json,vf_advjpeg,robustbench:cifar10:Linf:Engstrom2019Robustness,static_q70,46,12.572121600009268,cpu,reviewer_defended,cifar10_robustbench,cifar10,robustbench,robustbench:cifar10:Linf:Wong2020Fast,linf_robust,,,,10,0.0862068965517241,0.90625,0.0078125,116,128,0.8984375,0.0313725769519805,,0.0873992479164371,0.9480591863393784
reviewer_defended/runs/vf_advjpeg/robustbench_cifar10_Linf_Engstrom2019Robustness/static_q80/seed_42.json,vf_advjpeg,robustbench:cifar10:Linf:Engstrom2019Robustness,static_q80,42,12.4783873000124,cpu,reviewer_defended,cifar10_robustbench,cifar10,robustbench,robustbench:cifar10:Linf:Wong2020Fast,linf_robust,,,,9,0.0775862068965517,0.90625,0.0234375,116,128,0.8828125,0.0313725769519805,,0.0872056093749051,0.94683126360178
reviewer_defended/runs/vf_advjpeg/robustbench_cifar10_Linf_Engstrom2019Robustness/static_q80/seed_43.json,vf_advjpeg,robustbench:cifar10:Linf:Engstrom2019Robustness,static_q80,43,12.555271199991694,cpu,reviewer_defended,cifar10_robustbench,cifar10,robustbench,robustbench:cifar10:Linf:Wong2020Fast,linf_robust,,,,10,0.0862068965517241,0.90625,0.0234375,116,128,0.8828125,0.0313725769519805,,0.0876615437500731,0.9475112035870552
reviewer_defended/runs/vf_advjpeg/robustbench_cifar10_Linf_Engstrom2019Robustness/static_q80/seed_44.json,vf_advjpeg,robustbench:cifar10:Linf:Engstrom2019Robustness,static_q80,44,12.530151800019668,cpu,reviewer_defended,cifar10_robustbench,cifar10,robustbench,robustbench:cifar10:Linf:Wong2020Fast,linf_robust,,,,12,0.1034482758620689,0.90625,0.0234375,116,128,0.8828125,0.0313725769519805,,0.0867381114597568,0.947828896343708
reviewer_defended/runs/vf_advjpeg/robustbench_cifar10_Linf_Engstrom2019Robustness/static_q80/seed_45.json,vf_advjpeg,robustbench:cifar10:Linf:Engstrom2019Robustness,static_q80,45,12.505347800004529,cpu,reviewer_defended,cifar10_robustbench,cifar10,robustbench,robustbench:cifar10:Linf:Wong2020Fast,linf_robust,,,,10,0.0862068965517241,0.90625,0.0234375,116,128,0.8828125,0.0313725769519805,,0.0862337020841247,0.9478684738278388
reviewer_defended/runs/vf_advjpeg/robustbench_cifar10_Linf_Engstrom2019Robustness/static_q80/seed_46.json,vf_advjpeg,robustbench:cifar10:Linf:Engstrom2019Robustness,static_q80,46,12.459307799988892,cpu,reviewer_defended,cifar10_robustbench,cifar10,robustbench,robustbench:cifar10:Linf:Wong2020Fast,linf_robust,,,,9,0.0775862068965517,0.90625,0.0234375,116,128,0.8828125,0.0313725769519805,,0.0860871114582551,0.9478691518306732
reviewer_defended/runs/vf_advjpeg/robustbench_cifar10_Linf_Engstrom2019Robustness/static_q90/seed_42.json,vf_advjpeg,robustbench:cifar10:Linf:Engstrom2019Robustness,static_q90,42,12.419827599980636,cpu,reviewer_defended,cifar10_robustbench,cifar10,robustbench,robustbench:cifar10:Linf:Wong2020Fast,linf_robust,,,,9,0.0775862068965517,0.90625,0.0,116,128,0.90625,0.0313725769519805,,0.0859919760420477,0.946920596063137
reviewer_defended/runs/vf_advjpeg/robustbench_cifar10_Linf_Engstrom2019Robustness/static_q90/seed_43.json,vf_advjpeg,robustbench:cifar10:Linf:Engstrom2019Robustness,static_q90,43,12.652542299998458,cpu,reviewer_defended,cifar10_robustbench,cifar10,robustbench,robustbench:cifar10:Linf:Wong2020Fast,linf_robust,,,,9,0.0775862068965517,0.90625,0.0,116,128,0.90625,0.0313725769519805,,0.0876610468734118,0.947726383805275
reviewer_defended/runs/vf_advjpeg/robustbench_cifar10_Linf_Engstrom2019Robustness/static_q90/seed_44.json,vf_advjpeg,robustbench:cifar10:Linf:Engstrom2019Robustness,static_q90,44,12.398205600009533,cpu,reviewer_defended,cifar10_robustbench,cifar10,robustbench,robustbench:cifar10:Linf:Wong2020Fast,linf_robust,,,,10,0.0862068965517241,0.90625,0.0,116,128,0.90625,0.0313725769519805,,0.0864389114585719,0.9476859718561172
reviewer_defended/runs/vf_advjpeg/robustbench_cifar10_Linf_Engstrom2019Robustness/static_q90/seed_45.json,vf_advjpeg,robustbench:cifar10:Linf:Engstrom2019Robustness,static_q90,45,12.419860800000606,cpu,reviewer_defended,cifar10_robustbench,cifar10,robustbench,robustbench:cifar10:Linf:Wong2020Fast,linf_robust,,,,10,0.0862068965517241,0.90625,0.0,116,128,0.90625,0.0313725769519805,,0.086640283334115,0.947946235537529
reviewer_defended/runs/vf_advjpeg/robustbench_cifar10_Linf_Engstrom2019Robustness/static_q90/seed_46.json,vf_advjpeg,robustbench:cifar10:Linf:Engstrom2019Robustness,static_q90,46,12.593812299979618,cpu,reviewer_defended,cifar10_robustbench,cifar10,robustbench,robustbench:cifar10:Linf:Wong2020Fast,linf_robust,,,,9,0.0775862068965517,0.90625,0.0,116,128,0.90625,0.0313725769519805,,0.0876024562515643,0.9482877850532532
reviewer_defended/runs/vf_advjpeg/robustbench_cifar10_Linf_Rice2020Overfitting/dynamic_uniform/seed_42.json,vf_advjpeg,robustbench:cifar10:Linf:Rice2020Overfitting,dynamic_uniform,42,43.97900680001476,cpu,reviewer_defended,cifar10_robustbench,cifar10,robustbench,robustbench:cifar10:Linf:Wong2020Fast,linf_robust,,,,8,0.072072072072072,0.8671875,0.015625,111,128,0.8515625,0.0313725769519805,,0.0884099166675393,0.947459690272808
reviewer_defended/runs/vf_advjpeg/robustbench_cifar10_Linf_Rice2020Overfitting/dynamic_uniform/seed_43.json,vf_advjpeg,robustbench:cifar10:Linf:Rice2020Overfitting,dynamic_uniform,43,43.57062789998599,cpu,reviewer_defended,cifar10_robustbench,cifar10,robustbench,robustbench:cifar10:Linf:Wong2020Fast,linf_robust,,,,10,0.09009009009009,0.8671875,0.0078125,111,128,0.859375,0.0313725769519805,,0.0864628125024561,0.9483537152409554
reviewer_defended/runs/vf_advjpeg/robustbench_cifar10_Linf_Rice2020Overfitting/dynamic_uniform/seed_44.json,vf_advjpeg,robustbench:cifar10:Linf:Rice2020Overfitting,dynamic_uniform,44,43.70841279998422,cpu,reviewer_defended,cifar10_robustbench,cifar10,robustbench,robustbench:cifar10:Linf:Wong2020Fast,linf_robust,,,,10,0.09009009009009,0.8671875,0.0234375,111,128,0.84375,0.0313725769519805,,0.0877365760403942,0.9479074776172638
reviewer_defended/runs/vf_advjpeg/robustbench_cifar10_Linf_Rice2020Overfitting/dynamic_uniform/seed_45.json,vf_advjpeg,robustbench:cifar10:Linf:Rice2020Overfitting,dynamic_uniform,45,43.81262700000661,cpu,reviewer_defended,cifar10_robustbench,cifar10,robustbench,robustbench:cifar10:Linf:Wong2020Fast,linf_robust,,,,11,0.0990990990990991,0.8671875,0.015625,111,128,0.8515625,0.0313725769519805,,0.0876887468745432,0.947659194469452
reviewer_defended/runs/vf_advjpeg/robustbench_cifar10_Linf_Rice2020Overfitting/dynamic_uniform/seed_46.json,vf_advjpeg,robustbench:cifar10:Linf:Rice2020Overfitting,dynamic_uniform,46,44.82615900001838,cpu,reviewer_defended,cifar10_robustbench,cifar10,robustbench,robustbench:cifar10:Linf:Wong2020Fast,linf_robust,,,,9,0.081081081081081,0.8671875,0.0078125,111,128,0.859375,0.0313725769519805,,0.091984127084288,0.9479179531335832
reviewer_defended/runs/vf_advjpeg/robustbench_cifar10_Linf_Rice2020Overfitting/static_q70/seed_42.json,vf_advjpeg,robustbench:cifar10:Linf:Rice2020Overfitting,static_q70,42,44.092290100001264,cpu,reviewer_defended,cifar10_robustbench,cifar10,robustbench,robustbench:cifar10:Linf:Wong2020Fast,linf_robust,,,,12,0.1081081081081081,0.8671875,0.0234375,111,128,0.84375,0.0313725769519805,,0.088909485417389,0.946963645517826
reviewer_defended/runs/vf_advjpeg/robustbench_cifar10_Linf_Rice2020Overfitting/static_q70/seed_43.json,vf_advjpeg,robustbench:cifar10:Linf:Rice2020Overfitting,static_q70,43,43.99005459999898,cpu,reviewer_defended,cifar10_robustbench,cifar10,robustbench,robustbench:cifar10:Linf:Wong2020Fast,linf_robust,,,,10,0.09009009009009,0.8671875,0.0234375,111,128,0.84375,0.0313725769519805,,0.0879076322935361,0.9473726004362106
reviewer_defended/runs/vf_advjpeg/robustbench_cifar10_Linf_Rice2020Overfitting/static_q70/seed_44.json,vf_advjpeg,robustbench:cifar10:Linf:Rice2020Overfitting,static_q70,44,43.99268200001097,cpu,reviewer_defended,cifar10_robustbench,cifar10,robustbench,robustbench:cifar10:Linf:Wong2020Fast,linf_robust,,,,12,0.1081081081081081,0.8671875,0.0234375,111,128,0.84375,0.0313725769519805,,0.0875243958350135,0.9477549120783806
reviewer_defended/runs/vf_advjpeg/robustbench_cifar10_Linf_Rice2020Overfitting/static_q70/seed_45.json,vf_advjpeg,robustbench:cifar10:Linf:Rice2020Overfitting,static_q70,45,44.04365040000994,cpu,reviewer_defended,cifar10_robustbench,cifar10,robustbench,robustbench:cifar10:Linf:Wong2020Fast,linf_robust,,,,13,0.1171171171171171,0.8671875,0.0234375,111,128,0.84375,0.0313725769519805,,0.0884769177076426,0.947848379611969
reviewer_defended/runs/vf_advjpeg/robustbench_cifar10_Linf_Rice2020Overfitting/static_q70/seed_46.json,vf_advjpeg,robustbench:cifar10:Linf:Rice2020Overfitting,static_q70,46,44.31321809999645,cpu,reviewer_defended,cifar10_robustbench,cifar10,robustbench,robustbench:cifar10:Linf:Wong2020Fast,linf_robust,,,,14,0.1261261261261261,0.8671875,0.0234375,111,128,0.84375,0.0313725769519805,,0.0888007385416737,0.9480591863393784
reviewer_defended/runs/vf_advjpeg/robustbench_cifar10_Linf_Rice2020Overfitting/static_q80/seed_42.json,vf_advjpeg,robustbench:cifar10:Linf:Rice2020Overfitting,static_q80,42,43.83075659998576,cpu,reviewer_defended,cifar10_robustbench,cifar10,robustbench,robustbench:cifar10:Linf:Wong2020Fast,linf_robust,,,,11,0.0990990990990991,0.8671875,0.015625,111,128,0.8515625,0.0313725769519805,,0.088107831248332,0.94683126360178
reviewer_defended/runs/vf_advjpeg/robustbench_cifar10_Linf_Rice2020Overfitting/static_q80/seed_43.json,vf_advjpeg,robustbench:cifar10:Linf:Rice2020Overfitting,static_q80,43,43.97173059999477,cpu,reviewer_defended,cifar10_robustbench,cifar10,robustbench,robustbench:cifar10:Linf:Wong2020Fast,linf_robust,,,,11,0.0990990990990991,0.8671875,0.015625,111,128,0.8515625,0.0313725769519805,,0.0876865989612269,0.9475112035870552
reviewer_defended/runs/vf_advjpeg/robustbench_cifar10_Linf_Rice2020Overfitting/static_q80/seed_44.json,vf_advjpeg,robustbench:cifar10:Linf:Rice2020Overfitting,static_q80,44,44.00969350000378,cpu,reviewer_defended,cifar10_robustbench,cifar10,robustbench,robustbench:cifar10:Linf:Wong2020Fast,linf_robust,,,,12,0.1081081081081081,0.8671875,0.015625,111,128,0.8515625,0.0313725769519805,,0.0883408177075277,0.947828896343708
reviewer_defended/runs/vf_advjpeg/robustbench_cifar10_Linf_Rice2020Overfitting/static_q80/seed_45.json,vf_advjpeg,robustbench:cifar10:Linf:Rice2020Overfitting,static_q80,45,44.07048710001982,cpu,reviewer_defended,cifar10_robustbench,cifar10,robustbench,robustbench:cifar10:Linf:Wong2020Fast,linf_robust,,,,10,0.09009009009009,0.8671875,0.015625,111,128,0.8515625,0.0313725769519805,,0.0886962697898828,0.9478684738278388
reviewer_defended/runs/vf_advjpeg/robustbench_cifar10_Linf_Rice2020Overfitting/static_q80/seed_46.json,vf_advjpeg,robustbench:cifar10:Linf:Rice2020Overfitting,static_q80,46,44.14188330000616,cpu,reviewer_defended,cifar10_robustbench,cifar10,robustbench,robustbench:cifar10:Linf:Wong2020Fast,linf_robust,,,,8,0.072072072072072,0.8671875,0.015625,111,128,0.8515625,0.0313725769519805,,0.088600895833224,0.9478691518306732
reviewer_defended/runs/vf_advjpeg/robustbench_cifar10_Linf_Rice2020Overfitting/static_q90/seed_42.json,vf_advjpeg,robustbench:cifar10:Linf:Rice2020Overfitting,static_q90,42,44.19341669999994,cpu,reviewer_defended,cifar10_robustbench,cifar10,robustbench,robustbench:cifar10:Linf:Wong2020Fast,linf_robust,,,,7,0.063063063063063,0.8671875,-0.0078125,111,128,0.875,0.0313725769519805,,0.0890044708336669,0.946920596063137
reviewer_defended/runs/vf_advjpeg/robustbench_cifar10_Linf_Rice2020Overfitting/static_q90/seed_43.json,vf_advjpeg,robustbench:cifar10:Linf:Rice2020Overfitting,static_q90,43,43.90641470000264,cpu,reviewer_defended,cifar10_robustbench,cifar10,robustbench,robustbench:cifar10:Linf:Wong2020Fast,linf_robust,,,,8,0.072072072072072,0.8671875,-0.0078125,111,128,0.875,0.0313725769519805,,0.0884092885398786,0.947726383805275
reviewer_defended/runs/vf_advjpeg/robustbench_cifar10_Linf_Rice2020Overfitting/static_q90/seed_44.json,vf_advjpeg,robustbench:cifar10:Linf:Rice2020Overfitting,static_q90,44,45.27685120000388,cpu,reviewer_defended,cifar10_robustbench,cifar10,robustbench,robustbench:cifar10:Linf:Wong2020Fast,linf_robust,,,,8,0.072072072072072,0.8671875,-0.0078125,111,128,0.875,0.0313725769519805,,0.092420319790411,0.9476859718561172
reviewer_defended/runs/vf_advjpeg/robustbench_cifar10_Linf_Rice2020Overfitting/static_q90/seed_45.json,vf_advjpeg,robustbench:cifar10:Linf:Rice2020Overfitting,static_q90,45,44.29244359998848,cpu,reviewer_defended,cifar10_robustbench,cifar10,robustbench,robustbench:cifar10:Linf:Wong2020Fast,linf_robust,,,,8,0.072072072072072,0.8671875,-0.0078125,111,128,0.875,0.0313725769519805,,0.0882387635395692,0.947946235537529
reviewer_defended/runs/vf_advjpeg/robustbench_cifar10_Linf_Rice2020Overfitting/static_q90/seed_46.json,vf_advjpeg,robustbench:cifar10:Linf:Rice2020Overfitting,static_q90,46,44.10449900000822,cpu,reviewer_defended,cifar10_robustbench,cifar10,robustbench,robustbench:cifar10:Linf:Wong2020Fast,linf_robust,,,,7,0.063063063063063,0.8671875,-0.0078125,111,128,0.875,0.0313725769519805,,0.0887240802057931,0.9482877850532532
